"Candidate","total_votes","Ward"
"Acquaye Emmanuel",46,"Ward 1"
"Acton Blake",22,"Ward 1"
"Ahmed Sharif",108,"Ward 1"
"Alam Asadul",20,"Ward 1"
"Allan Gru Jesse",34,"Ward 1"
"Aly Atef",14,"Ward 1"
"Apostolopoulos Dionysios",30,"Ward 1"
"Atkinson Darren",18,"Ward 1"
"Atkinson Jamie",38,"Ward 1"
"Bailão Ana",11496,"Ward 1"
"Baking Jose",32,"Ward 1"
"Bankas Ben",18,"Ward 1"
"Beals Claudette",8,"Ward 1"
"Benway Glen",14,"Ward 1"
"Bonilla Eliazar",34,"Ward 1"
"Bradford Brad",434,"Ward 1"
"Brown Chloe",1136,"Ward 1"
"Buffey Brian",18,"Ward 1"
"Caesar-Chavannes Celina",38,"Ward 1"
"Carrie Mason",14,"Ward 1"
"Chan Roland",40,"Ward 1"
"Charlton Matti",18,"Ward 1"
"Chevalier Romero Danny",44,"Ward 1"
"Chow Olivia",9944,"Ward 1"
"Choy Logan",42,"Ward 1"
"City Ward 1 Totals",35644,"Ward 1"
"Clarke Kevin",18,"Ward 1"
"Climenhaga Sarah",14,"Ward 1"
"Cohen Gordon",18,"Ward 1"
"Collins Paul",14,"Ward 1"
"D'Amico Frank",30,"Ward 1"
"D'Angelo Frank",26,"Ward 1"
"D'Cruze Phillip",12,"Ward 1"
"Davis Rob",54,"Ward 1"
"Deb Samson",6,"Ward 1"
"Desai Habiba",16,"Ward 1"
"Deville Cory",18,"Ward 1"
"Fenby Simryn",8,"Ward 1"
"Forrester Monica",22,"Ward 1"
"Furey Anthony",2062,"Ward 1"
"Furnival Scott",8,"Ward 1"
"Gamk Isabella",6,"Ward 1"
"Gao Feng",12,"Ward 1"
"Gong Xiao Hua",324,"Ward 1"
"Goraya Adil",18,"Ward 1"
"Graff Brian",6,"Ward 1"
"Grosman Ari",12,"Ward 1"
"Guglielmin James",10,"Ward 1"
"Gulyas David",14,"Ward 1"
"Hall Thomas",40,"Ward 1"
"Handjis Peter",10,"Ward 1"
"He Heather",8,"Ward 1"
"Heaps Toby",18,"Ward 1"
"Hossain Monowar",20,"Ward 1"
"Hunter Mitzie",956,"Ward 1"
"Igodan Sheila",16,"Ward 1"
"Irmya Daniel",2,"Ward 1"
"Jaffery Syed",16,"Ward 1"
"Jensen Michael",16,"Ward 1"
"Johnston Patricia",34,"Ward 1"
"Khan Walayat",10,"Ward 1"
"Korovitsyn Serge",6,"Ward 1"
"Lamoureux Michael",12,"Ward 1"
"Langenfeld Kris",12,"Ward 1"
"LeLiever Mark",32,"Ward 1"
"Lee Rick",12,"Ward 1"
"Letonja John",8,"Ward 1"
"MacLeod Norman",12,"Ward 1"
"Mammoliti Giorgio",134,"Ward 1"
"Mann Steve",20,"Ward 1"
"Marshall Cleveland",12,"Ward 1"
"Matlow Josh",626,"Ward 1"
"Mohee Faizul",18,"Ward 1"
"Murphy Bob",20,"Ward 1"
"Nicula Michael",10,"Ward 1"
"Nowwarah Jamil",4,"Ward 1"
"Perruzza Anthony",286,"Ward 1"
"Ransome John",18,"Ward 1"
"Renée D!ONNE",20,"Ward 1"
"Reodica Willie",20,"Ward 1"
"Rubino Walter",8,"Ward 1"
"Saccoccia Chris",668,"Ward 1"
"Sanders Lyall",252,"Ward 1"
"Saunders Mark",5488,"Ward 1"
"Schipano Rocco",18,"Ward 1"
"Shusterman Robert",2,"Ward 1"
"Singh Knia",42,"Ward 1"
"Singh Partap Dua",44,"Ward 1"
"Sivaneswaran Raksheni",52,"Ward 1"
"Sniedzins Erwin",0,"Ward 1"
"Srivastava Sandeep",56,"Ward 1"
"Straus Meir",4,"Ward 1"
"Tang Weizhen",2,"Ward 1"
"Toye Mitchell",14,"Ward 1"
"Tull Reginald",14,"Ward 1"
"Tunney Jeffery",2,"Ward 1"
"Vadivelu Kiri",18,"Ward 1"
"Weenen Jack",0,"Ward 1"
"Wei Yuanqian",8,"Ward 1"
"Williams Jody",10,"Ward 1"
"Winter John",8,"Ward 1"
"Yan Nathalie Xian Yi",6,"Ward 1"
"Acquaye Emmanuel",20,"Ward 2"
"Acton Blake",22,"Ward 2"
"Ahmed Sharif",60,"Ward 2"
"Alam Asadul",18,"Ward 2"
"Allan Gru Jesse",24,"Ward 2"
"Aly Atef",14,"Ward 2"
"Apostolopoulos Dionysios",38,"Ward 2"
"Atkinson Darren",16,"Ward 2"
"Atkinson Jamie",46,"Ward 2"
"Bailão Ana",33886,"Ward 2"
"Baking Jose",32,"Ward 2"
"Bankas Ben",12,"Ward 2"
"Beals Claudette",10,"Ward 2"
"Benway Glen",8,"Ward 2"
"Bonilla Eliazar",34,"Ward 2"
"Bradford Brad",850,"Ward 2"
"Brown Chloe",1070,"Ward 2"
"Buffey Brian",12,"Ward 2"
"Caesar-Chavannes Celina",14,"Ward 2"
"Carrie Mason",2,"Ward 2"
"Chan Roland",32,"Ward 2"
"Charlton Matti",10,"Ward 2"
"Chevalier Romero Danny",24,"Ward 2"
"Chow Olivia",16098,"Ward 2"
"Choy Logan",68,"Ward 2"
"City Ward 2 Totals",75850,"Ward 2"
"Clarke Kevin",16,"Ward 2"
"Climenhaga Sarah",20,"Ward 2"
"Cohen Gordon",14,"Ward 2"
"Collins Paul",20,"Ward 2"
"D'Amico Frank",50,"Ward 2"
"D'Angelo Frank",56,"Ward 2"
"D'Cruze Phillip",4,"Ward 2"
"Davis Rob",46,"Ward 2"
"Deb Samson",10,"Ward 2"
"Desai Habiba",10,"Ward 2"
"Deville Cory",10,"Ward 2"
"Fenby Simryn",4,"Ward 2"
"Forrester Monica",38,"Ward 2"
"Furey Anthony",6278,"Ward 2"
"Furnival Scott",8,"Ward 2"
"Gamk Isabella",8,"Ward 2"
"Gao Feng",12,"Ward 2"
"Gong Xiao Hua",210,"Ward 2"
"Goraya Adil",6,"Ward 2"
"Graff Brian",4,"Ward 2"
"Grosman Ari",14,"Ward 2"
"Guglielmin James",14,"Ward 2"
"Gulyas David",12,"Ward 2"
"Hall Thomas",42,"Ward 2"
"Handjis Peter",8,"Ward 2"
"He Heather",2,"Ward 2"
"Heaps Toby",54,"Ward 2"
"Hossain Monowar",12,"Ward 2"
"Hunter Mitzie",1408,"Ward 2"
"Igodan Sheila",6,"Ward 2"
"Irmya Daniel",2,"Ward 2"
"Jaffery Syed",2,"Ward 2"
"Jensen Michael",8,"Ward 2"
"Johnston Patricia",12,"Ward 2"
"Khan Walayat",10,"Ward 2"
"Korovitsyn Serge",8,"Ward 2"
"Lamoureux Michael",6,"Ward 2"
"Langenfeld Kris",6,"Ward 2"
"LeLiever Mark",20,"Ward 2"
"Lee Rick",14,"Ward 2"
"Letonja John",6,"Ward 2"
"MacLeod Norman",12,"Ward 2"
"Mammoliti Giorgio",134,"Ward 2"
"Mann Steve",6,"Ward 2"
"Marshall Cleveland",8,"Ward 2"
"Matlow Josh",2126,"Ward 2"
"Mohee Faizul",14,"Ward 2"
"Murphy Bob",22,"Ward 2"
"Nicula Michael",18,"Ward 2"
"Nowwarah Jamil",2,"Ward 2"
"Perruzza Anthony",204,"Ward 2"
"Ransome John",10,"Ward 2"
"Renée D!ONNE",18,"Ward 2"
"Reodica Willie",8,"Ward 2"
"Rubino Walter",4,"Ward 2"
"Saccoccia Chris",1336,"Ward 2"
"Sanders Lyall",454,"Ward 2"
"Saunders Mark",10332,"Ward 2"
"Schipano Rocco",14,"Ward 2"
"Shusterman Robert",6,"Ward 2"
"Singh Knia",14,"Ward 2"
"Singh Partap Dua",8,"Ward 2"
"Sivaneswaran Raksheni",10,"Ward 2"
"Sniedzins Erwin",0,"Ward 2"
"Srivastava Sandeep",6,"Ward 2"
"Straus Meir",22,"Ward 2"
"Tang Weizhen",4,"Ward 2"
"Toye Mitchell",10,"Ward 2"
"Tull Reginald",30,"Ward 2"
"Tunney Jeffery",6,"Ward 2"
"Vadivelu Kiri",8,"Ward 2"
"Weenen Jack",0,"Ward 2"
"Wei Yuanqian",4,"Ward 2"
"Williams Jody",6,"Ward 2"
"Winter John",10,"Ward 2"
"Yan Nathalie Xian Yi",12,"Ward 2"
"Acquaye Emmanuel",16,"Ward 3"
"Acton Blake",42,"Ward 3"
"Ahmed Sharif",32,"Ward 3"
"Alam Asadul",10,"Ward 3"
"Allan Gru Jesse",38,"Ward 3"
"Aly Atef",12,"Ward 3"
"Apostolopoulos Dionysios",38,"Ward 3"
"Atkinson Darren",20,"Ward 3"
"Atkinson Jamie",44,"Ward 3"
"Bailão Ana",33934,"Ward 3"
"Baking Jose",20,"Ward 3"
"Bankas Ben",34,"Ward 3"
"Beals Claudette",18,"Ward 3"
"Benway Glen",10,"Ward 3"
"Bonilla Eliazar",24,"Ward 3"
"Bradford Brad",1024,"Ward 3"
"Brown Chloe",1732,"Ward 3"
"Buffey Brian",14,"Ward 3"
"Caesar-Chavannes Celina",18,"Ward 3"
"Carrie Mason",12,"Ward 3"
"Chan Roland",40,"Ward 3"
"Charlton Matti",8,"Ward 3"
"Chevalier Romero Danny",12,"Ward 3"
"Chow Olivia",24848,"Ward 3"
"Choy Logan",78,"Ward 3"
"City Ward 3 Totals",84378,"Ward 3"
"Clarke Kevin",20,"Ward 3"
"Climenhaga Sarah",16,"Ward 3"
"Cohen Gordon",2,"Ward 3"
"Collins Paul",10,"Ward 3"
"D'Amico Frank",34,"Ward 3"
"D'Angelo Frank",50,"Ward 3"
"D'Cruze Phillip",10,"Ward 3"
"Davis Rob",66,"Ward 3"
"Deb Samson",6,"Ward 3"
"Desai Habiba",6,"Ward 3"
"Deville Cory",8,"Ward 3"
"Fenby Simryn",6,"Ward 3"
"Forrester Monica",32,"Ward 3"
"Furey Anthony",5992,"Ward 3"
"Furnival Scott",24,"Ward 3"
"Gamk Isabella",10,"Ward 3"
"Gao Feng",4,"Ward 3"
"Gong Xiao Hua",196,"Ward 3"
"Goraya Adil",10,"Ward 3"
"Graff Brian",10,"Ward 3"
"Grosman Ari",16,"Ward 3"
"Guglielmin James",10,"Ward 3"
"Gulyas David",12,"Ward 3"
"Hall Thomas",8,"Ward 3"
"Handjis Peter",10,"Ward 3"
"He Heather",6,"Ward 3"
"Heaps Toby",100,"Ward 3"
"Hossain Monowar",4,"Ward 3"
"Hunter Mitzie",1872,"Ward 3"
"Igodan Sheila",6,"Ward 3"
"Irmya Daniel",2,"Ward 3"
"Jaffery Syed",10,"Ward 3"
"Jensen Michael",10,"Ward 3"
"Johnston Patricia",14,"Ward 3"
"Khan Walayat",0,"Ward 3"
"Korovitsyn Serge",16,"Ward 3"
"Lamoureux Michael",4,"Ward 3"
"Langenfeld Kris",22,"Ward 3"
"LeLiever Mark",34,"Ward 3"
"Lee Rick",10,"Ward 3"
"Letonja John",4,"Ward 3"
"MacLeod Norman",12,"Ward 3"
"Mammoliti Giorgio",104,"Ward 3"
"Mann Steve",16,"Ward 3"
"Marshall Cleveland",24,"Ward 3"
"Matlow Josh",2774,"Ward 3"
"Mohee Faizul",34,"Ward 3"
"Murphy Bob",18,"Ward 3"
"Nicula Michael",6,"Ward 3"
"Nowwarah Jamil",0,"Ward 3"
"Perruzza Anthony",140,"Ward 3"
"Ransome John",2,"Ward 3"
"Renée D!ONNE",16,"Ward 3"
"Reodica Willie",20,"Ward 3"
"Rubino Walter",4,"Ward 3"
"Saccoccia Chris",1228,"Ward 3"
"Sanders Lyall",356,"Ward 3"
"Saunders Mark",8612,"Ward 3"
"Schipano Rocco",14,"Ward 3"
"Shusterman Robert",4,"Ward 3"
"Singh Knia",22,"Ward 3"
"Singh Partap Dua",10,"Ward 3"
"Sivaneswaran Raksheni",10,"Ward 3"
"Sniedzins Erwin",8,"Ward 3"
"Srivastava Sandeep",6,"Ward 3"
"Straus Meir",10,"Ward 3"
"Tang Weizhen",2,"Ward 3"
"Toye Mitchell",6,"Ward 3"
"Tull Reginald",38,"Ward 3"
"Tunney Jeffery",14,"Ward 3"
"Vadivelu Kiri",12,"Ward 3"
"Weenen Jack",2,"Ward 3"
"Wei Yuanqian",4,"Ward 3"
"Williams Jody",10,"Ward 3"
"Winter John",14,"Ward 3"
"Yan Nathalie Xian Yi",16,"Ward 3"
"Acquaye Emmanuel",14,"Ward 4"
"Acton Blake",20,"Ward 4"
"Ahmed Sharif",26,"Ward 4"
"Alam Asadul",10,"Ward 4"
"Allan Gru Jesse",24,"Ward 4"
"Aly Atef",14,"Ward 4"
"Apostolopoulos Dionysios",38,"Ward 4"
"Atkinson Darren",22,"Ward 4"
"Atkinson Jamie",36,"Ward 4"
"Bailão Ana",20362,"Ward 4"
"Baking Jose",14,"Ward 4"
"Bankas Ben",26,"Ward 4"
"Beals Claudette",8,"Ward 4"
"Benway Glen",12,"Ward 4"
"Bonilla Eliazar",8,"Ward 4"
"Bradford Brad",712,"Ward 4"
"Brown Chloe",2660,"Ward 4"
"Buffey Brian",8,"Ward 4"
"Caesar-Chavannes Celina",20,"Ward 4"
"Carrie Mason",10,"Ward 4"
"Chan Roland",16,"Ward 4"
"Charlton Matti",4,"Ward 4"
"Chevalier Romero Danny",32,"Ward 4"
"Chow Olivia",39138,"Ward 4"
"Choy Logan",58,"Ward 4"
"City Ward 4 Totals",78340,"Ward 4"
"Clarke Kevin",28,"Ward 4"
"Climenhaga Sarah",26,"Ward 4"
"Cohen Gordon",14,"Ward 4"
"Collins Paul",16,"Ward 4"
"D'Amico Frank",6,"Ward 4"
"D'Angelo Frank",12,"Ward 4"
"D'Cruze Phillip",2,"Ward 4"
"Davis Rob",30,"Ward 4"
"Deb Samson",10,"Ward 4"
"Desai Habiba",6,"Ward 4"
"Deville Cory",6,"Ward 4"
"Fenby Simryn",8,"Ward 4"
"Forrester Monica",28,"Ward 4"
"Furey Anthony",3390,"Ward 4"
"Furnival Scott",6,"Ward 4"
"Gamk Isabella",10,"Ward 4"
"Gao Feng",16,"Ward 4"
"Gong Xiao Hua",118,"Ward 4"
"Goraya Adil",4,"Ward 4"
"Graff Brian",10,"Ward 4"
"Grosman Ari",16,"Ward 4"
"Guglielmin James",2,"Ward 4"
"Gulyas David",12,"Ward 4"
"Hall Thomas",8,"Ward 4"
"Handjis Peter",6,"Ward 4"
"He Heather",10,"Ward 4"
"Heaps Toby",102,"Ward 4"
"Hossain Monowar",10,"Ward 4"
"Hunter Mitzie",1960,"Ward 4"
"Igodan Sheila",0,"Ward 4"
"Irmya Daniel",6,"Ward 4"
"Jaffery Syed",4,"Ward 4"
"Jensen Michael",6,"Ward 4"
"Johnston Patricia",12,"Ward 4"
"Khan Walayat",6,"Ward 4"
"Korovitsyn Serge",16,"Ward 4"
"Lamoureux Michael",6,"Ward 4"
"Langenfeld Kris",12,"Ward 4"
"LeLiever Mark",18,"Ward 4"
"Lee Rick",12,"Ward 4"
"Letonja John",6,"Ward 4"
"MacLeod Norman",12,"Ward 4"
"Mammoliti Giorgio",62,"Ward 4"
"Mann Steve",2,"Ward 4"
"Marshall Cleveland",26,"Ward 4"
"Matlow Josh",4112,"Ward 4"
"Mohee Faizul",10,"Ward 4"
"Murphy Bob",18,"Ward 4"
"Nicula Michael",8,"Ward 4"
"Nowwarah Jamil",2,"Ward 4"
"Perruzza Anthony",60,"Ward 4"
"Ransome John",4,"Ward 4"
"Renée D!ONNE",18,"Ward 4"
"Reodica Willie",14,"Ward 4"
"Rubino Walter",4,"Ward 4"
"Saccoccia Chris",558,"Ward 4"
"Sanders Lyall",166,"Ward 4"
"Saunders Mark",3784,"Ward 4"
"Schipano Rocco",2,"Ward 4"
"Shusterman Robert",6,"Ward 4"
"Singh Knia",14,"Ward 4"
"Singh Partap Dua",8,"Ward 4"
"Sivaneswaran Raksheni",16,"Ward 4"
"Sniedzins Erwin",2,"Ward 4"
"Srivastava Sandeep",8,"Ward 4"
"Straus Meir",8,"Ward 4"
"Tang Weizhen",6,"Ward 4"
"Toye Mitchell",6,"Ward 4"
"Tull Reginald",22,"Ward 4"
"Tunney Jeffery",6,"Ward 4"
"Vadivelu Kiri",28,"Ward 4"
"Weenen Jack",0,"Ward 4"
"Wei Yuanqian",2,"Ward 4"
"Williams Jody",14,"Ward 4"
"Winter John",8,"Ward 4"
"Yan Nathalie Xian Yi",8,"Ward 4"
"Acquaye Emmanuel",22,"Ward 5"
"Acton Blake",18,"Ward 5"
"Ahmed Sharif",86,"Ward 5"
"Alam Asadul",42,"Ward 5"
"Allan Gru Jesse",34,"Ward 5"
"Aly Atef",10,"Ward 5"
"Apostolopoulos Dionysios",34,"Ward 5"
"Atkinson Darren",14,"Ward 5"
"Atkinson Jamie",40,"Ward 5"
"Bailão Ana",19652,"Ward 5"
"Baking Jose",48,"Ward 5"
"Bankas Ben",20,"Ward 5"
"Beals Claudette",14,"Ward 5"
"Benway Glen",12,"Ward 5"
"Bonilla Eliazar",46,"Ward 5"
"Bradford Brad",480,"Ward 5"
"Brown Chloe",1436,"Ward 5"
"Buffey Brian",8,"Ward 5"
"Caesar-Chavannes Celina",28,"Ward 5"
"Carrie Mason",28,"Ward 5"
"Chan Roland",54,"Ward 5"
"Charlton Matti",12,"Ward 5"
"Chevalier Romero Danny",28,"Ward 5"
"Chow Olivia",14798,"Ward 5"
"Choy Logan",68,"Ward 5"
"City Ward 5 Totals",50048,"Ward 5"
"Clarke Kevin",10,"Ward 5"
"Climenhaga Sarah",10,"Ward 5"
"Cohen Gordon",10,"Ward 5"
"Collins Paul",10,"Ward 5"
"D'Amico Frank",66,"Ward 5"
"D'Angelo Frank",66,"Ward 5"
"D'Cruze Phillip",12,"Ward 5"
"Davis Rob",34,"Ward 5"
"Deb Samson",14,"Ward 5"
"Desai Habiba",16,"Ward 5"
"Deville Cory",12,"Ward 5"
"Fenby Simryn",4,"Ward 5"
"Forrester Monica",36,"Ward 5"
"Furey Anthony",2326,"Ward 5"
"Furnival Scott",2,"Ward 5"
"Gamk Isabella",10,"Ward 5"
"Gao Feng",20,"Ward 5"
"Gong Xiao Hua",268,"Ward 5"
"Goraya Adil",12,"Ward 5"
"Graff Brian",2,"Ward 5"
"Grosman Ari",14,"Ward 5"
"Guglielmin James",6,"Ward 5"
"Gulyas David",6,"Ward 5"
"Hall Thomas",36,"Ward 5"
"Handjis Peter",8,"Ward 5"
"He Heather",12,"Ward 5"
"Heaps Toby",44,"Ward 5"
"Hossain Monowar",44,"Ward 5"
"Hunter Mitzie",1314,"Ward 5"
"Igodan Sheila",2,"Ward 5"
"Irmya Daniel",2,"Ward 5"
"Jaffery Syed",6,"Ward 5"
"Jensen Michael",8,"Ward 5"
"Johnston Patricia",22,"Ward 5"
"Khan Walayat",6,"Ward 5"
"Korovitsyn Serge",0,"Ward 5"
"Lamoureux Michael",10,"Ward 5"
"Langenfeld Kris",6,"Ward 5"
"LeLiever Mark",24,"Ward 5"
"Lee Rick",10,"Ward 5"
"Letonja John",6,"Ward 5"
"MacLeod Norman",6,"Ward 5"
"Mammoliti Giorgio",168,"Ward 5"
"Mann Steve",12,"Ward 5"
"Marshall Cleveland",32,"Ward 5"
"Matlow Josh",1234,"Ward 5"
"Mohee Faizul",22,"Ward 5"
"Murphy Bob",32,"Ward 5"
"Nicula Michael",10,"Ward 5"
"Nowwarah Jamil",8,"Ward 5"
"Perruzza Anthony",266,"Ward 5"
"Ransome John",10,"Ward 5"
"Renée D!ONNE",34,"Ward 5"
"Reodica Willie",20,"Ward 5"
"Rubino Walter",6,"Ward 5"
"Saccoccia Chris",1100,"Ward 5"
"Sanders Lyall",324,"Ward 5"
"Saunders Mark",4940,"Ward 5"
"Schipano Rocco",18,"Ward 5"
"Shusterman Robert",8,"Ward 5"
"Singh Knia",18,"Ward 5"
"Singh Partap Dua",8,"Ward 5"
"Sivaneswaran Raksheni",18,"Ward 5"
"Sniedzins Erwin",0,"Ward 5"
"Srivastava Sandeep",2,"Ward 5"
"Straus Meir",2,"Ward 5"
"Tang Weizhen",14,"Ward 5"
"Toye Mitchell",4,"Ward 5"
"Tull Reginald",44,"Ward 5"
"Tunney Jeffery",6,"Ward 5"
"Vadivelu Kiri",8,"Ward 5"
"Weenen Jack",2,"Ward 5"
"Wei Yuanqian",2,"Ward 5"
"Williams Jody",16,"Ward 5"
"Winter John",14,"Ward 5"
"Yan Nathalie Xian Yi",16,"Ward 5"
"Acquaye Emmanuel",16,"Ward 6"
"Acton Blake",20,"Ward 6"
"Ahmed Sharif",44,"Ward 6"
"Alam Asadul",6,"Ward 6"
"Allan Gru Jesse",36,"Ward 6"
"Aly Atef",14,"Ward 6"
"Apostolopoulos Dionysios",26,"Ward 6"
"Atkinson Darren",34,"Ward 6"
"Atkinson Jamie",34,"Ward 6"
"Bailão Ana",18822,"Ward 6"
"Baking Jose",28,"Ward 6"
"Bankas Ben",20,"Ward 6"
"Beals Claudette",16,"Ward 6"
"Benway Glen",16,"Ward 6"
"Bonilla Eliazar",26,"Ward 6"
"Bradford Brad",500,"Ward 6"
"Brown Chloe",930,"Ward 6"
"Buffey Brian",10,"Ward 6"
"Caesar-Chavannes Celina",32,"Ward 6"
"Carrie Mason",16,"Ward 6"
"Chan Roland",18,"Ward 6"
"Charlton Matti",12,"Ward 6"
"Chevalier Romero Danny",18,"Ward 6"
"Chow Olivia",10888,"Ward 6"
"Choy Logan",28,"Ward 6"
"City Ward 6 Totals",45406,"Ward 6"
"Clarke Kevin",16,"Ward 6"
"Climenhaga Sarah",14,"Ward 6"
"Cohen Gordon",56,"Ward 6"
"Collins Paul",12,"Ward 6"
"D'Amico Frank",62,"Ward 6"
"D'Angelo Frank",42,"Ward 6"
"D'Cruze Phillip",4,"Ward 6"
"Davis Rob",40,"Ward 6"
"Deb Samson",12,"Ward 6"
"Desai Habiba",6,"Ward 6"
"Deville Cory",0,"Ward 6"
"Fenby Simryn",14,"Ward 6"
"Forrester Monica",22,"Ward 6"
"Furey Anthony",2816,"Ward 6"
"Furnival Scott",16,"Ward 6"
"Gamk Isabella",6,"Ward 6"
"Gao Feng",26,"Ward 6"
"Gong Xiao Hua",310,"Ward 6"
"Goraya Adil",10,"Ward 6"
"Graff Brian",6,"Ward 6"
"Grosman Ari",44,"Ward 6"
"Guglielmin James",10,"Ward 6"
"Gulyas David",16,"Ward 6"
"Hall Thomas",42,"Ward 6"
"Handjis Peter",2,"Ward 6"
"He Heather",8,"Ward 6"
"Heaps Toby",22,"Ward 6"
"Hossain Monowar",10,"Ward 6"
"Hunter Mitzie",836,"Ward 6"
"Igodan Sheila",0,"Ward 6"
"Irmya Daniel",0,"Ward 6"
"Jaffery Syed",0,"Ward 6"
"Jensen Michael",6,"Ward 6"
"Johnston Patricia",24,"Ward 6"
"Khan Walayat",4,"Ward 6"
"Korovitsyn Serge",32,"Ward 6"
"Lamoureux Michael",10,"Ward 6"
"Langenfeld Kris",14,"Ward 6"
"LeLiever Mark",10,"Ward 6"
"Lee Rick",28,"Ward 6"
"Letonja John",0,"Ward 6"
"MacLeod Norman",12,"Ward 6"
"Mammoliti Giorgio",174,"Ward 6"
"Mann Steve",14,"Ward 6"
"Marshall Cleveland",8,"Ward 6"
"Matlow Josh",1810,"Ward 6"
"Mohee Faizul",2,"Ward 6"
"Murphy Bob",18,"Ward 6"
"Nicula Michael",12,"Ward 6"
"Nowwarah Jamil",6,"Ward 6"
"Perruzza Anthony",640,"Ward 6"
"Ransome John",10,"Ward 6"
"Renée D!ONNE",14,"Ward 6"
"Reodica Willie",16,"Ward 6"
"Rubino Walter",20,"Ward 6"
"Saccoccia Chris",756,"Ward 6"
"Sanders Lyall",304,"Ward 6"
"Saunders Mark",5114,"Ward 6"
"Schipano Rocco",8,"Ward 6"
"Shusterman Robert",48,"Ward 6"
"Singh Knia",6,"Ward 6"
"Singh Partap Dua",10,"Ward 6"
"Sivaneswaran Raksheni",16,"Ward 6"
"Sniedzins Erwin",0,"Ward 6"
"Srivastava Sandeep",8,"Ward 6"
"Straus Meir",30,"Ward 6"
"Tang Weizhen",2,"Ward 6"
"Toye Mitchell",8,"Ward 6"
"Tull Reginald",12,"Ward 6"
"Tunney Jeffery",2,"Ward 6"
"Vadivelu Kiri",2,"Ward 6"
"Weenen Jack",0,"Ward 6"
"Wei Yuanqian",4,"Ward 6"
"Williams Jody",20,"Ward 6"
"Winter John",12,"Ward 6"
"Yan Nathalie Xian Yi",22,"Ward 6"
"Acquaye Emmanuel",54,"Ward 7"
"Acton Blake",22,"Ward 7"
"Ahmed Sharif",36,"Ward 7"
"Alam Asadul",24,"Ward 7"
"Allan Gru Jesse",24,"Ward 7"
"Aly Atef",20,"Ward 7"
"Apostolopoulos Dionysios",26,"Ward 7"
"Atkinson Darren",14,"Ward 7"
"Atkinson Jamie",24,"Ward 7"
"Bailão Ana",8974,"Ward 7"
"Baking Jose",28,"Ward 7"
"Bankas Ben",12,"Ward 7"
"Beals Claudette",16,"Ward 7"
"Benway Glen",16,"Ward 7"
"Bonilla Eliazar",40,"Ward 7"
"Bradford Brad",246,"Ward 7"
"Brown Chloe",986,"Ward 7"
"Buffey Brian",6,"Ward 7"
"Caesar-Chavannes Celina",24,"Ward 7"
"Carrie Mason",10,"Ward 7"
"Chan Roland",36,"Ward 7"
"Charlton Matti",20,"Ward 7"
"Chevalier Romero Danny",38,"Ward 7"
"Chow Olivia",8970,"Ward 7"
"Choy Logan",64,"Ward 7"
"City Ward 7 Totals",31872,"Ward 7"
"Clarke Kevin",24,"Ward 7"
"Climenhaga Sarah",18,"Ward 7"
"Cohen Gordon",8,"Ward 7"
"Collins Paul",14,"Ward 7"
"D'Amico Frank",48,"Ward 7"
"D'Angelo Frank",52,"Ward 7"
"D'Cruze Phillip",0,"Ward 7"
"Davis Rob",20,"Ward 7"
"Deb Samson",26,"Ward 7"
"Desai Habiba",18,"Ward 7"
"Deville Cory",6,"Ward 7"
"Fenby Simryn",12,"Ward 7"
"Forrester Monica",20,"Ward 7"
"Furey Anthony",1326,"Ward 7"
"Furnival Scott",10,"Ward 7"
"Gamk Isabella",6,"Ward 7"
"Gao Feng",52,"Ward 7"
"Gong Xiao Hua",298,"Ward 7"
"Goraya Adil",22,"Ward 7"
"Graff Brian",6,"Ward 7"
"Grosman Ari",18,"Ward 7"
"Guglielmin James",14,"Ward 7"
"Gulyas David",4,"Ward 7"
"Hall Thomas",20,"Ward 7"
"Handjis Peter",12,"Ward 7"
"He Heather",12,"Ward 7"
"Heaps Toby",22,"Ward 7"
"Hossain Monowar",8,"Ward 7"
"Hunter Mitzie",818,"Ward 7"
"Igodan Sheila",12,"Ward 7"
"Irmya Daniel",4,"Ward 7"
"Jaffery Syed",10,"Ward 7"
"Jensen Michael",8,"Ward 7"
"Johnston Patricia",22,"Ward 7"
"Khan Walayat",20,"Ward 7"
"Korovitsyn Serge",4,"Ward 7"
"Lamoureux Michael",12,"Ward 7"
"Langenfeld Kris",6,"Ward 7"
"LeLiever Mark",26,"Ward 7"
"Lee Rick",22,"Ward 7"
"Letonja John",4,"Ward 7"
"MacLeod Norman",10,"Ward 7"
"Mammoliti Giorgio",476,"Ward 7"
"Mann Steve",16,"Ward 7"
"Marshall Cleveland",12,"Ward 7"
"Matlow Josh",478,"Ward 7"
"Mohee Faizul",14,"Ward 7"
"Murphy Bob",12,"Ward 7"
"Nicula Michael",12,"Ward 7"
"Nowwarah Jamil",8,"Ward 7"
"Perruzza Anthony",3410,"Ward 7"
"Ransome John",24,"Ward 7"
"Renée D!ONNE",16,"Ward 7"
"Reodica Willie",12,"Ward 7"
"Rubino Walter",6,"Ward 7"
"Saccoccia Chris",606,"Ward 7"
"Sanders Lyall",220,"Ward 7"
"Saunders Mark",3420,"Ward 7"
"Schipano Rocco",4,"Ward 7"
"Shusterman Robert",10,"Ward 7"
"Singh Knia",22,"Ward 7"
"Singh Partap Dua",22,"Ward 7"
"Sivaneswaran Raksheni",38,"Ward 7"
"Sniedzins Erwin",2,"Ward 7"
"Srivastava Sandeep",6,"Ward 7"
"Straus Meir",8,"Ward 7"
"Tang Weizhen",26,"Ward 7"
"Toye Mitchell",8,"Ward 7"
"Tull Reginald",8,"Ward 7"
"Tunney Jeffery",4,"Ward 7"
"Vadivelu Kiri",14,"Ward 7"
"Weenen Jack",2,"Ward 7"
"Wei Yuanqian",10,"Ward 7"
"Williams Jody",48,"Ward 7"
"Winter John",16,"Ward 7"
"Yan Nathalie Xian Yi",20,"Ward 7"
"Acquaye Emmanuel",6,"Ward 8"
"Acton Blake",10,"Ward 8"
"Ahmed Sharif",24,"Ward 8"
"Alam Asadul",26,"Ward 8"
"Allan Gru Jesse",12,"Ward 8"
"Aly Atef",8,"Ward 8"
"Apostolopoulos Dionysios",34,"Ward 8"
"Atkinson Darren",8,"Ward 8"
"Atkinson Jamie",32,"Ward 8"
"Bailão Ana",32242,"Ward 8"
"Baking Jose",30,"Ward 8"
"Bankas Ben",18,"Ward 8"
"Beals Claudette",12,"Ward 8"
"Benway Glen",10,"Ward 8"
"Bonilla Eliazar",18,"Ward 8"
"Bradford Brad",706,"Ward 8"
"Brown Chloe",1078,"Ward 8"
"Buffey Brian",4,"Ward 8"
"Caesar-Chavannes Celina",6,"Ward 8"
"Carrie Mason",18,"Ward 8"
"Chan Roland",30,"Ward 8"
"Charlton Matti",10,"Ward 8"
"Chevalier Romero Danny",18,"Ward 8"
"Chow Olivia",16366,"Ward 8"
"Choy Logan",48,"Ward 8"
"City Ward 8 Totals",68898,"Ward 8"
"Clarke Kevin",20,"Ward 8"
"Climenhaga Sarah",10,"Ward 8"
"Cohen Gordon",50,"Ward 8"
"Collins Paul",30,"Ward 8"
"D'Amico Frank",60,"Ward 8"
"D'Angelo Frank",32,"Ward 8"
"D'Cruze Phillip",6,"Ward 8"
"Davis Rob",30,"Ward 8"
"Deb Samson",10,"Ward 8"
"Desai Habiba",0,"Ward 8"
"Deville Cory",12,"Ward 8"
"Fenby Simryn",8,"Ward 8"
"Forrester Monica",22,"Ward 8"
"Furey Anthony",3656,"Ward 8"
"Furnival Scott",8,"Ward 8"
"Gamk Isabella",4,"Ward 8"
"Gao Feng",8,"Ward 8"
"Gong Xiao Hua",188,"Ward 8"
"Goraya Adil",0,"Ward 8"
"Graff Brian",6,"Ward 8"
"Grosman Ari",48,"Ward 8"
"Guglielmin James",12,"Ward 8"
"Gulyas David",10,"Ward 8"
"Hall Thomas",14,"Ward 8"
"Handjis Peter",2,"Ward 8"
"He Heather",4,"Ward 8"
"Heaps Toby",50,"Ward 8"
"Hossain Monowar",6,"Ward 8"
"Hunter Mitzie",1086,"Ward 8"
"Igodan Sheila",4,"Ward 8"
"Irmya Daniel",6,"Ward 8"
"Jaffery Syed",0,"Ward 8"
"Jensen Michael",4,"Ward 8"
"Johnston Patricia",6,"Ward 8"
"Khan Walayat",6,"Ward 8"
"Korovitsyn Serge",12,"Ward 8"
"Lamoureux Michael",10,"Ward 8"
"Langenfeld Kris",10,"Ward 8"
"LeLiever Mark",10,"Ward 8"
"Lee Rick",8,"Ward 8"
"Letonja John",0,"Ward 8"
"MacLeod Norman",14,"Ward 8"
"Mammoliti Giorgio",154,"Ward 8"
"Mann Steve",4,"Ward 8"
"Marshall Cleveland",24,"Ward 8"
"Matlow Josh",5336,"Ward 8"
"Mohee Faizul",12,"Ward 8"
"Murphy Bob",14,"Ward 8"
"Nicula Michael",2,"Ward 8"
"Nowwarah Jamil",0,"Ward 8"
"Perruzza Anthony",122,"Ward 8"
"Ransome John",2,"Ward 8"
"Renée D!ONNE",14,"Ward 8"
"Reodica Willie",10,"Ward 8"
"Rubino Walter",2,"Ward 8"
"Saccoccia Chris",598,"Ward 8"
"Sanders Lyall",248,"Ward 8"
"Saunders Mark",5864,"Ward 8"
"Schipano Rocco",6,"Ward 8"
"Shusterman Robert",32,"Ward 8"
"Singh Knia",14,"Ward 8"
"Singh Partap Dua",10,"Ward 8"
"Sivaneswaran Raksheni",4,"Ward 8"
"Sniedzins Erwin",10,"Ward 8"
"Srivastava Sandeep",4,"Ward 8"
"Straus Meir",38,"Ward 8"
"Tang Weizhen",10,"Ward 8"
"Toye Mitchell",0,"Ward 8"
"Tull Reginald",32,"Ward 8"
"Tunney Jeffery",12,"Ward 8"
"Vadivelu Kiri",0,"Ward 8"
"Weenen Jack",4,"Ward 8"
"Wei Yuanqian",4,"Ward 8"
"Williams Jody",8,"Ward 8"
"Winter John",10,"Ward 8"
"Yan Nathalie Xian Yi",6,"Ward 8"
"Acquaye Emmanuel",14,"Ward 9"
"Acton Blake",8,"Ward 9"
"Ahmed Sharif",18,"Ward 9"
"Alam Asadul",12,"Ward 9"
"Allan Gru Jesse",12,"Ward 9"
"Aly Atef",12,"Ward 9"
"Apostolopoulos Dionysios",44,"Ward 9"
"Atkinson Darren",10,"Ward 9"
"Atkinson Jamie",30,"Ward 9"
"Bailão Ana",20624,"Ward 9"
"Baking Jose",28,"Ward 9"
"Bankas Ben",18,"Ward 9"
"Beals Claudette",14,"Ward 9"
"Benway Glen",14,"Ward 9"
"Bonilla Eliazar",16,"Ward 9"
"Bradford Brad",322,"Ward 9"
"Brown Chloe",2876,"Ward 9"
"Buffey Brian",8,"Ward 9"
"Caesar-Chavannes Celina",20,"Ward 9"
"Carrie Mason",4,"Ward 9"
"Chan Roland",22,"Ward 9"
"Charlton Matti",4,"Ward 9"
"Chevalier Romero Danny",18,"Ward 9"
"Chow Olivia",34062,"Ward 9"
"Choy Logan",68,"Ward 9"
"City Ward 9 Totals",68430,"Ward 9"
"Clarke Kevin",14,"Ward 9"
"Climenhaga Sarah",24,"Ward 9"
"Cohen Gordon",6,"Ward 9"
"Collins Paul",12,"Ward 9"
"D'Amico Frank",188,"Ward 9"
"D'Angelo Frank",36,"Ward 9"
"D'Cruze Phillip",2,"Ward 9"
"Davis Rob",14,"Ward 9"
"Deb Samson",14,"Ward 9"
"Desai Habiba",8,"Ward 9"
"Deville Cory",2,"Ward 9"
"Fenby Simryn",2,"Ward 9"
"Forrester Monica",16,"Ward 9"
"Furey Anthony",1870,"Ward 9"
"Furnival Scott",6,"Ward 9"
"Gamk Isabella",8,"Ward 9"
"Gao Feng",8,"Ward 9"
"Gong Xiao Hua",110,"Ward 9"
"Goraya Adil",12,"Ward 9"
"Graff Brian",8,"Ward 9"
"Grosman Ari",2,"Ward 9"
"Guglielmin James",2,"Ward 9"
"Gulyas David",10,"Ward 9"
"Hall Thomas",6,"Ward 9"
"Handjis Peter",4,"Ward 9"
"He Heather",8,"Ward 9"
"Heaps Toby",50,"Ward 9"
"Hossain Monowar",2,"Ward 9"
"Hunter Mitzie",1224,"Ward 9"
"Igodan Sheila",0,"Ward 9"
"Irmya Daniel",4,"Ward 9"
"Jaffery Syed",8,"Ward 9"
"Jensen Michael",6,"Ward 9"
"Johnston Patricia",22,"Ward 9"
"Khan Walayat",6,"Ward 9"
"Korovitsyn Serge",0,"Ward 9"
"Lamoureux Michael",10,"Ward 9"
"Langenfeld Kris",12,"Ward 9"
"LeLiever Mark",16,"Ward 9"
"Lee Rick",8,"Ward 9"
"Letonja John",4,"Ward 9"
"MacLeod Norman",8,"Ward 9"
"Mammoliti Giorgio",46,"Ward 9"
"Mann Steve",10,"Ward 9"
"Marshall Cleveland",16,"Ward 9"
"Matlow Josh",2762,"Ward 9"
"Mohee Faizul",6,"Ward 9"
"Murphy Bob",14,"Ward 9"
"Nicula Michael",2,"Ward 9"
"Nowwarah Jamil",4,"Ward 9"
"Perruzza Anthony",62,"Ward 9"
"Ransome John",2,"Ward 9"
"Renée D!ONNE",32,"Ward 9"
"Reodica Willie",6,"Ward 9"
"Rubino Walter",4,"Ward 9"
"Saccoccia Chris",694,"Ward 9"
"Sanders Lyall",110,"Ward 9"
"Saunders Mark",2480,"Ward 9"
"Schipano Rocco",6,"Ward 9"
"Shusterman Robert",6,"Ward 9"
"Singh Knia",12,"Ward 9"
"Singh Partap Dua",8,"Ward 9"
"Sivaneswaran Raksheni",2,"Ward 9"
"Sniedzins Erwin",2,"Ward 9"
"Srivastava Sandeep",6,"Ward 9"
"Straus Meir",4,"Ward 9"
"Tang Weizhen",2,"Ward 9"
"Toye Mitchell",0,"Ward 9"
"Tull Reginald",12,"Ward 9"
"Tunney Jeffery",4,"Ward 9"
"Vadivelu Kiri",10,"Ward 9"
"Weenen Jack",0,"Ward 9"
"Wei Yuanqian",0,"Ward 9"
"Williams Jody",8,"Ward 9"
"Winter John",2,"Ward 9"
"Yan Nathalie Xian Yi",4,"Ward 9"
"Acquaye Emmanuel",10,"Ward 10"
"Acton Blake",16,"Ward 10"
"Ahmed Sharif",14,"Ward 10"
"Alam Asadul",12,"Ward 10"
"Allan Gru Jesse",8,"Ward 10"
"Aly Atef",8,"Ward 10"
"Apostolopoulos Dionysios",22,"Ward 10"
"Atkinson Darren",8,"Ward 10"
"Atkinson Jamie",18,"Ward 10"
"Bailão Ana",16412,"Ward 10"
"Baking Jose",14,"Ward 10"
"Bankas Ben",18,"Ward 10"
"Beals Claudette",4,"Ward 10"
"Benway Glen",8,"Ward 10"
"Bonilla Eliazar",14,"Ward 10"
"Bradford Brad",994,"Ward 10"
"Brown Chloe",3278,"Ward 10"
"Buffey Brian",4,"Ward 10"
"Caesar-Chavannes Celina",18,"Ward 10"
"Carrie Mason",0,"Ward 10"
"Chan Roland",30,"Ward 10"
"Charlton Matti",8,"Ward 10"
"Chevalier Romero Danny",24,"Ward 10"
"Chow Olivia",33376,"Ward 10"
"Choy Logan",56,"Ward 10"
"City Ward 10 Totals",67136,"Ward 10"
"Clarke Kevin",12,"Ward 10"
"Climenhaga Sarah",18,"Ward 10"
"Cohen Gordon",18,"Ward 10"
"Collins Paul",12,"Ward 10"
"D'Amico Frank",20,"Ward 10"
"D'Angelo Frank",16,"Ward 10"
"D'Cruze Phillip",4,"Ward 10"
"Davis Rob",28,"Ward 10"
"Deb Samson",0,"Ward 10"
"Desai Habiba",10,"Ward 10"
"Deville Cory",8,"Ward 10"
"Fenby Simryn",6,"Ward 10"
"Forrester Monica",8,"Ward 10"
"Furey Anthony",2502,"Ward 10"
"Furnival Scott",6,"Ward 10"
"Gamk Isabella",4,"Ward 10"
"Gao Feng",10,"Ward 10"
"Gong Xiao Hua",128,"Ward 10"
"Goraya Adil",2,"Ward 10"
"Graff Brian",6,"Ward 10"
"Grosman Ari",10,"Ward 10"
"Guglielmin James",2,"Ward 10"
"Gulyas David",12,"Ward 10"
"Hall Thomas",8,"Ward 10"
"Handjis Peter",2,"Ward 10"
"He Heather",18,"Ward 10"
"Heaps Toby",80,"Ward 10"
"Hossain Monowar",10,"Ward 10"
"Hunter Mitzie",1776,"Ward 10"
"Igodan Sheila",6,"Ward 10"
"Irmya Daniel",2,"Ward 10"
"Jaffery Syed",2,"Ward 10"
"Jensen Michael",6,"Ward 10"
"Johnston Patricia",8,"Ward 10"
"Khan Walayat",4,"Ward 10"
"Korovitsyn Serge",14,"Ward 10"
"Lamoureux Michael",4,"Ward 10"
"Langenfeld Kris",10,"Ward 10"
"LeLiever Mark",22,"Ward 10"
"Lee Rick",24,"Ward 10"
"Letonja John",2,"Ward 10"
"MacLeod Norman",4,"Ward 10"
"Mammoliti Giorgio",34,"Ward 10"
"Mann Steve",10,"Ward 10"
"Marshall Cleveland",6,"Ward 10"
"Matlow Josh",2812,"Ward 10"
"Mohee Faizul",6,"Ward 10"
"Murphy Bob",8,"Ward 10"
"Nicula Michael",0,"Ward 10"
"Nowwarah Jamil",4,"Ward 10"
"Perruzza Anthony",38,"Ward 10"
"Ransome John",4,"Ward 10"
"Renée D!ONNE",14,"Ward 10"
"Reodica Willie",2,"Ward 10"
"Rubino Walter",2,"Ward 10"
"Saccoccia Chris",500,"Ward 10"
"Sanders Lyall",136,"Ward 10"
"Saunders Mark",4172,"Ward 10"
"Schipano Rocco",4,"Ward 10"
"Shusterman Robert",6,"Ward 10"
"Singh Knia",26,"Ward 10"
"Singh Partap Dua",6,"Ward 10"
"Sivaneswaran Raksheni",2,"Ward 10"
"Sniedzins Erwin",6,"Ward 10"
"Srivastava Sandeep",10,"Ward 10"
"Straus Meir",2,"Ward 10"
"Tang Weizhen",10,"Ward 10"
"Toye Mitchell",4,"Ward 10"
"Tull Reginald",12,"Ward 10"
"Tunney Jeffery",8,"Ward 10"
"Vadivelu Kiri",8,"Ward 10"
"Weenen Jack",0,"Ward 10"
"Wei Yuanqian",2,"Ward 10"
"Williams Jody",6,"Ward 10"
"Winter John",4,"Ward 10"
"Yan Nathalie Xian Yi",12,"Ward 10"
"Acquaye Emmanuel",14,"Ward 11"
"Acton Blake",18,"Ward 11"
"Ahmed Sharif",10,"Ward 11"
"Alam Asadul",10,"Ward 11"
"Allan Gru Jesse",20,"Ward 11"
"Aly Atef",2,"Ward 11"
"Apostolopoulos Dionysios",22,"Ward 11"
"Atkinson Darren",8,"Ward 11"
"Atkinson Jamie",10,"Ward 11"
"Bailão Ana",20376,"Ward 11"
"Baking Jose",8,"Ward 11"
"Bankas Ben",18,"Ward 11"
"Beals Claudette",22,"Ward 11"
"Benway Glen",0,"Ward 11"
"Bonilla Eliazar",18,"Ward 11"
"Bradford Brad",660,"Ward 11"
"Brown Chloe",2462,"Ward 11"
"Buffey Brian",8,"Ward 11"
"Caesar-Chavannes Celina",6,"Ward 11"
"Carrie Mason",10,"Ward 11"
"Chan Roland",24,"Ward 11"
"Charlton Matti",8,"Ward 11"
"Chevalier Romero Danny",24,"Ward 11"
"Chow Olivia",32614,"Ward 11"
"Choy Logan",50,"Ward 11"
"City Ward 11 Totals",69608,"Ward 11"
"Clarke Kevin",10,"Ward 11"
"Climenhaga Sarah",18,"Ward 11"
"Cohen Gordon",4,"Ward 11"
"Collins Paul",4,"Ward 11"
"D'Amico Frank",8,"Ward 11"
"D'Angelo Frank",20,"Ward 11"
"D'Cruze Phillip",2,"Ward 11"
"Davis Rob",24,"Ward 11"
"Deb Samson",4,"Ward 11"
"Desai Habiba",0,"Ward 11"
"Deville Cory",8,"Ward 11"
"Fenby Simryn",4,"Ward 11"
"Forrester Monica",14,"Ward 11"
"Furey Anthony",2382,"Ward 11"
"Furnival Scott",6,"Ward 11"
"Gamk Isabella",10,"Ward 11"
"Gao Feng",10,"Ward 11"
"Gong Xiao Hua",96,"Ward 11"
"Goraya Adil",4,"Ward 11"
"Graff Brian",8,"Ward 11"
"Grosman Ari",8,"Ward 11"
"Guglielmin James",4,"Ward 11"
"Gulyas David",6,"Ward 11"
"Hall Thomas",8,"Ward 11"
"Handjis Peter",8,"Ward 11"
"He Heather",10,"Ward 11"
"Heaps Toby",46,"Ward 11"
"Hossain Monowar",4,"Ward 11"
"Hunter Mitzie",1372,"Ward 11"
"Igodan Sheila",0,"Ward 11"
"Irmya Daniel",0,"Ward 11"
"Jaffery Syed",2,"Ward 11"
"Jensen Michael",0,"Ward 11"
"Johnston Patricia",12,"Ward 11"
"Khan Walayat",0,"Ward 11"
"Korovitsyn Serge",2,"Ward 11"
"Lamoureux Michael",4,"Ward 11"
"Langenfeld Kris",2,"Ward 11"
"LeLiever Mark",4,"Ward 11"
"Lee Rick",16,"Ward 11"
"Letonja John",4,"Ward 11"
"MacLeod Norman",6,"Ward 11"
"Mammoliti Giorgio",32,"Ward 11"
"Mann Steve",6,"Ward 11"
"Marshall Cleveland",10,"Ward 11"
"Matlow Josh",4486,"Ward 11"
"Mohee Faizul",8,"Ward 11"
"Murphy Bob",6,"Ward 11"
"Nicula Michael",0,"Ward 11"
"Nowwarah Jamil",0,"Ward 11"
"Perruzza Anthony",32,"Ward 11"
"Ransome John",0,"Ward 11"
"Renée D!ONNE",10,"Ward 11"
"Reodica Willie",2,"Ward 11"
"Rubino Walter",2,"Ward 11"
"Saccoccia Chris",380,"Ward 11"
"Sanders Lyall",116,"Ward 11"
"Saunders Mark",3766,"Ward 11"
"Schipano Rocco",6,"Ward 11"
"Shusterman Robert",4,"Ward 11"
"Singh Knia",10,"Ward 11"
"Singh Partap Dua",2,"Ward 11"
"Sivaneswaran Raksheni",0,"Ward 11"
"Sniedzins Erwin",2,"Ward 11"
"Srivastava Sandeep",0,"Ward 11"
"Straus Meir",8,"Ward 11"
"Tang Weizhen",10,"Ward 11"
"Toye Mitchell",8,"Ward 11"
"Tull Reginald",8,"Ward 11"
"Tunney Jeffery",0,"Ward 11"
"Vadivelu Kiri",26,"Ward 11"
"Weenen Jack",8,"Ward 11"
"Wei Yuanqian",6,"Ward 11"
"Williams Jody",6,"Ward 11"
"Winter John",6,"Ward 11"
"Yan Nathalie Xian Yi",16,"Ward 11"
"Acquaye Emmanuel",10,"Ward 12"
"Acton Blake",6,"Ward 12"
"Ahmed Sharif",12,"Ward 12"
"Alam Asadul",10,"Ward 12"
"Allan Gru Jesse",28,"Ward 12"
"Aly Atef",0,"Ward 12"
"Apostolopoulos Dionysios",88,"Ward 12"
"Atkinson Darren",10,"Ward 12"
"Atkinson Jamie",22,"Ward 12"
"Bailão Ana",24330,"Ward 12"
"Baking Jose",18,"Ward 12"
"Bankas Ben",14,"Ward 12"
"Beals Claudette",14,"Ward 12"
"Benway Glen",12,"Ward 12"
"Bonilla Eliazar",12,"Ward 12"
"Bradford Brad",646,"Ward 12"
"Brown Chloe",1858,"Ward 12"
"Buffey Brian",10,"Ward 12"
"Caesar-Chavannes Celina",10,"Ward 12"
"Carrie Mason",2,"Ward 12"
"Chan Roland",24,"Ward 12"
"Charlton Matti",6,"Ward 12"
"Chevalier Romero Danny",16,"Ward 12"
"Chow Olivia",26936,"Ward 12"
"Choy Logan",54,"Ward 12"
"City Ward 12 Totals",80298,"Ward 12"
"Clarke Kevin",16,"Ward 12"
"Climenhaga Sarah",48,"Ward 12"
"Cohen Gordon",16,"Ward 12"
"Collins Paul",8,"Ward 12"
"D'Amico Frank",32,"Ward 12"
"D'Angelo Frank",14,"Ward 12"
"D'Cruze Phillip",2,"Ward 12"
"Davis Rob",38,"Ward 12"
"Deb Samson",4,"Ward 12"
"Desai Habiba",2,"Ward 12"
"Deville Cory",14,"Ward 12"
"Fenby Simryn",16,"Ward 12"
"Forrester Monica",24,"Ward 12"
"Furey Anthony",3228,"Ward 12"
"Furnival Scott",6,"Ward 12"
"Gamk Isabella",6,"Ward 12"
"Gao Feng",4,"Ward 12"
"Gong Xiao Hua",120,"Ward 12"
"Goraya Adil",10,"Ward 12"
"Graff Brian",8,"Ward 12"
"Grosman Ari",24,"Ward 12"
"Guglielmin James",4,"Ward 12"
"Gulyas David",16,"Ward 12"
"Hall Thomas",12,"Ward 12"
"Handjis Peter",8,"Ward 12"
"He Heather",4,"Ward 12"
"Heaps Toby",48,"Ward 12"
"Hossain Monowar",8,"Ward 12"
"Hunter Mitzie",1408,"Ward 12"
"Igodan Sheila",0,"Ward 12"
"Irmya Daniel",0,"Ward 12"
"Jaffery Syed",2,"Ward 12"
"Jensen Michael",4,"Ward 12"
"Johnston Patricia",12,"Ward 12"
"Khan Walayat",6,"Ward 12"
"Korovitsyn Serge",2,"Ward 12"
"Lamoureux Michael",6,"Ward 12"
"Langenfeld Kris",6,"Ward 12"
"LeLiever Mark",8,"Ward 12"
"Lee Rick",6,"Ward 12"
"Letonja John",2,"Ward 12"
"MacLeod Norman",16,"Ward 12"
"Mammoliti Giorgio",34,"Ward 12"
"Mann Steve",10,"Ward 12"
"Marshall Cleveland",54,"Ward 12"
"Matlow Josh",15476,"Ward 12"
"Mohee Faizul",14,"Ward 12"
"Murphy Bob",24,"Ward 12"
"Nicula Michael",8,"Ward 12"
"Nowwarah Jamil",0,"Ward 12"
"Perruzza Anthony",52,"Ward 12"
"Ransome John",0,"Ward 12"
"Renée D!ONNE",16,"Ward 12"
"Reodica Willie",0,"Ward 12"
"Rubino Walter",2,"Ward 12"
"Saccoccia Chris",428,"Ward 12"
"Sanders Lyall",180,"Ward 12"
"Saunders Mark",4464,"Ward 12"
"Schipano Rocco",0,"Ward 12"
"Shusterman Robert",10,"Ward 12"
"Singh Knia",0,"Ward 12"
"Singh Partap Dua",10,"Ward 12"
"Sivaneswaran Raksheni",4,"Ward 12"
"Sniedzins Erwin",0,"Ward 12"
"Srivastava Sandeep",0,"Ward 12"
"Straus Meir",14,"Ward 12"
"Tang Weizhen",10,"Ward 12"
"Toye Mitchell",4,"Ward 12"
"Tull Reginald",20,"Ward 12"
"Tunney Jeffery",10,"Ward 12"
"Vadivelu Kiri",20,"Ward 12"
"Weenen Jack",4,"Ward 12"
"Wei Yuanqian",10,"Ward 12"
"Williams Jody",12,"Ward 12"
"Winter John",10,"Ward 12"
"Yan Nathalie Xian Yi",8,"Ward 12"
"Acquaye Emmanuel",20,"Ward 13"
"Acton Blake",28,"Ward 13"
"Ahmed Sharif",50,"Ward 13"
"Alam Asadul",20,"Ward 13"
"Allan Gru Jesse",52,"Ward 13"
"Aly Atef",10,"Ward 13"
"Apostolopoulos Dionysios",18,"Ward 13"
"Atkinson Darren",18,"Ward 13"
"Atkinson Jamie",14,"Ward 13"
"Bailão Ana",12996,"Ward 13"
"Baking Jose",12,"Ward 13"
"Bankas Ben",34,"Ward 13"
"Beals Claudette",18,"Ward 13"
"Benway Glen",16,"Ward 13"
"Bonilla Eliazar",16,"Ward 13"
"Bradford Brad",742,"Ward 13"
"Brown Chloe",2840,"Ward 13"
"Buffey Brian",8,"Ward 13"
"Caesar-Chavannes Celina",30,"Ward 13"
"Carrie Mason",2,"Ward 13"
"Chan Roland",44,"Ward 13"
"Charlton Matti",28,"Ward 13"
"Chevalier Romero Danny",22,"Ward 13"
"Chow Olivia",34284,"Ward 13"
"Choy Logan",64,"Ward 13"
"City Ward 13 Totals",62794,"Ward 13"
"Clarke Kevin",22,"Ward 13"
"Climenhaga Sarah",18,"Ward 13"
"Cohen Gordon",8,"Ward 13"
"Collins Paul",10,"Ward 13"
"D'Amico Frank",14,"Ward 13"
"D'Angelo Frank",14,"Ward 13"
"D'Cruze Phillip",2,"Ward 13"
"Davis Rob",32,"Ward 13"
"Deb Samson",14,"Ward 13"
"Desai Habiba",10,"Ward 13"
"Deville Cory",4,"Ward 13"
"Fenby Simryn",0,"Ward 13"
"Forrester Monica",36,"Ward 13"
"Furey Anthony",1900,"Ward 13"
"Furnival Scott",4,"Ward 13"
"Gamk Isabella",12,"Ward 13"
"Gao Feng",16,"Ward 13"
"Gong Xiao Hua",124,"Ward 13"
"Goraya Adil",6,"Ward 13"
"Graff Brian",8,"Ward 13"
"Grosman Ari",10,"Ward 13"
"Guglielmin James",2,"Ward 13"
"Gulyas David",10,"Ward 13"
"Hall Thomas",12,"Ward 13"
"Handjis Peter",4,"Ward 13"
"He Heather",2,"Ward 13"
"Heaps Toby",58,"Ward 13"
"Hossain Monowar",24,"Ward 13"
"Hunter Mitzie",1562,"Ward 13"
"Igodan Sheila",2,"Ward 13"
"Irmya Daniel",10,"Ward 13"
"Jaffery Syed",16,"Ward 13"
"Jensen Michael",8,"Ward 13"
"Johnston Patricia",18,"Ward 13"
"Khan Walayat",12,"Ward 13"
"Korovitsyn Serge",10,"Ward 13"
"Lamoureux Michael",12,"Ward 13"
"Langenfeld Kris",16,"Ward 13"
"LeLiever Mark",18,"Ward 13"
"Lee Rick",14,"Ward 13"
"Letonja John",4,"Ward 13"
"MacLeod Norman",18,"Ward 13"
"Mammoliti Giorgio",38,"Ward 13"
"Mann Steve",4,"Ward 13"
"Marshall Cleveland",56,"Ward 13"
"Matlow Josh",3180,"Ward 13"
"Mohee Faizul",4,"Ward 13"
"Murphy Bob",14,"Ward 13"
"Nicula Michael",10,"Ward 13"
"Nowwarah Jamil",2,"Ward 13"
"Perruzza Anthony",32,"Ward 13"
"Ransome John",6,"Ward 13"
"Renée D!ONNE",12,"Ward 13"
"Reodica Willie",6,"Ward 13"
"Rubino Walter",4,"Ward 13"
"Saccoccia Chris",418,"Ward 13"
"Sanders Lyall",158,"Ward 13"
"Saunders Mark",3090,"Ward 13"
"Schipano Rocco",8,"Ward 13"
"Shusterman Robert",2,"Ward 13"
"Singh Knia",22,"Ward 13"
"Singh Partap Dua",6,"Ward 13"
"Sivaneswaran Raksheni",26,"Ward 13"
"Sniedzins Erwin",2,"Ward 13"
"Srivastava Sandeep",10,"Ward 13"
"Straus Meir",4,"Ward 13"
"Tang Weizhen",6,"Ward 13"
"Toye Mitchell",6,"Ward 13"
"Tull Reginald",20,"Ward 13"
"Tunney Jeffery",14,"Ward 13"
"Vadivelu Kiri",38,"Ward 13"
"Weenen Jack",0,"Ward 13"
"Wei Yuanqian",0,"Ward 13"
"Williams Jody",22,"Ward 13"
"Winter John",8,"Ward 13"
"Yan Nathalie Xian Yi",14,"Ward 13"
"Acquaye Emmanuel",8,"Ward 14"
"Acton Blake",32,"Ward 14"
"Ahmed Sharif",40,"Ward 14"
"Alam Asadul",14,"Ward 14"
"Allan Gru Jesse",20,"Ward 14"
"Aly Atef",10,"Ward 14"
"Apostolopoulos Dionysios",232,"Ward 14"
"Atkinson Darren",26,"Ward 14"
"Atkinson Jamie",20,"Ward 14"
"Bailão Ana",18360,"Ward 14"
"Baking Jose",16,"Ward 14"
"Bankas Ben",16,"Ward 14"
"Beals Claudette",10,"Ward 14"
"Benway Glen",4,"Ward 14"
"Bonilla Eliazar",34,"Ward 14"
"Bradford Brad",1104,"Ward 14"
"Brown Chloe",2034,"Ward 14"
"Buffey Brian",8,"Ward 14"
"Caesar-Chavannes Celina",22,"Ward 14"
"Carrie Mason",14,"Ward 14"
"Chan Roland",52,"Ward 14"
"Charlton Matti",14,"Ward 14"
"Chevalier Romero Danny",20,"Ward 14"
"Chow Olivia",39120,"Ward 14"
"Choy Logan",62,"Ward 14"
"City Ward 14 Totals",75384,"Ward 14"
"Clarke Kevin",32,"Ward 14"
"Climenhaga Sarah",6,"Ward 14"
"Cohen Gordon",10,"Ward 14"
"Collins Paul",8,"Ward 14"
"D'Amico Frank",6,"Ward 14"
"D'Angelo Frank",18,"Ward 14"
"D'Cruze Phillip",4,"Ward 14"
"Davis Rob",18,"Ward 14"
"Deb Samson",4,"Ward 14"
"Desai Habiba",20,"Ward 14"
"Deville Cory",8,"Ward 14"
"Fenby Simryn",6,"Ward 14"
"Forrester Monica",24,"Ward 14"
"Furey Anthony",2530,"Ward 14"
"Furnival Scott",8,"Ward 14"
"Gamk Isabella",2,"Ward 14"
"Gao Feng",12,"Ward 14"
"Gong Xiao Hua",198,"Ward 14"
"Goraya Adil",4,"Ward 14"
"Graff Brian",6,"Ward 14"
"Grosman Ari",8,"Ward 14"
"Guglielmin James",8,"Ward 14"
"Gulyas David",12,"Ward 14"
"Hall Thomas",20,"Ward 14"
"Handjis Peter",64,"Ward 14"
"He Heather",6,"Ward 14"
"Heaps Toby",70,"Ward 14"
"Hossain Monowar",8,"Ward 14"
"Hunter Mitzie",2180,"Ward 14"
"Igodan Sheila",2,"Ward 14"
"Irmya Daniel",0,"Ward 14"
"Jaffery Syed",4,"Ward 14"
"Jensen Michael",4,"Ward 14"
"Johnston Patricia",20,"Ward 14"
"Khan Walayat",8,"Ward 14"
"Korovitsyn Serge",4,"Ward 14"
"Lamoureux Michael",22,"Ward 14"
"Langenfeld Kris",2,"Ward 14"
"LeLiever Mark",26,"Ward 14"
"Lee Rick",24,"Ward 14"
"Letonja John",4,"Ward 14"
"MacLeod Norman",16,"Ward 14"
"Mammoliti Giorgio",82,"Ward 14"
"Mann Steve",14,"Ward 14"
"Marshall Cleveland",20,"Ward 14"
"Matlow Josh",3944,"Ward 14"
"Mohee Faizul",2,"Ward 14"
"Murphy Bob",10,"Ward 14"
"Nicula Michael",8,"Ward 14"
"Nowwarah Jamil",2,"Ward 14"
"Perruzza Anthony",52,"Ward 14"
"Ransome John",4,"Ward 14"
"Renée D!ONNE",14,"Ward 14"
"Reodica Willie",8,"Ward 14"
"Rubino Walter",2,"Ward 14"
"Saccoccia Chris",586,"Ward 14"
"Sanders Lyall",156,"Ward 14"
"Saunders Mark",3500,"Ward 14"
"Schipano Rocco",6,"Ward 14"
"Shusterman Robert",6,"Ward 14"
"Singh Knia",20,"Ward 14"
"Singh Partap Dua",4,"Ward 14"
"Sivaneswaran Raksheni",0,"Ward 14"
"Sniedzins Erwin",8,"Ward 14"
"Srivastava Sandeep",8,"Ward 14"
"Straus Meir",8,"Ward 14"
"Tang Weizhen",10,"Ward 14"
"Toye Mitchell",2,"Ward 14"
"Tull Reginald",68,"Ward 14"
"Tunney Jeffery",10,"Ward 14"
"Vadivelu Kiri",12,"Ward 14"
"Weenen Jack",0,"Ward 14"
"Wei Yuanqian",2,"Ward 14"
"Williams Jody",6,"Ward 14"
"Winter John",10,"Ward 14"
"Yan Nathalie Xian Yi",16,"Ward 14"
"Acquaye Emmanuel",8,"Ward 15"
"Acton Blake",12,"Ward 15"
"Ahmed Sharif",84,"Ward 15"
"Alam Asadul",8,"Ward 15"
"Allan Gru Jesse",16,"Ward 15"
"Aly Atef",8,"Ward 15"
"Apostolopoulos Dionysios",40,"Ward 15"
"Atkinson Darren",16,"Ward 15"
"Atkinson Jamie",24,"Ward 15"
"Bailão Ana",26598,"Ward 15"
"Baking Jose",20,"Ward 15"
"Bankas Ben",16,"Ward 15"
"Beals Claudette",12,"Ward 15"
"Benway Glen",6,"Ward 15"
"Bonilla Eliazar",18,"Ward 15"
"Bradford Brad",678,"Ward 15"
"Brown Chloe",884,"Ward 15"
"Buffey Brian",4,"Ward 15"
"Caesar-Chavannes Celina",10,"Ward 15"
"Carrie Mason",4,"Ward 15"
"Chan Roland",36,"Ward 15"
"Charlton Matti",2,"Ward 15"
"Chevalier Romero Danny",18,"Ward 15"
"Chow Olivia",16134,"Ward 15"
"Choy Logan",32,"Ward 15"
"City Ward 15 Totals",61716,"Ward 15"
"Clarke Kevin",6,"Ward 15"
"Climenhaga Sarah",10,"Ward 15"
"Cohen Gordon",20,"Ward 15"
"Collins Paul",8,"Ward 15"
"D'Amico Frank",8,"Ward 15"
"D'Angelo Frank",6,"Ward 15"
"D'Cruze Phillip",2,"Ward 15"
"Davis Rob",28,"Ward 15"
"Deb Samson",2,"Ward 15"
"Desai Habiba",28,"Ward 15"
"Deville Cory",6,"Ward 15"
"Fenby Simryn",12,"Ward 15"
"Forrester Monica",6,"Ward 15"
"Furey Anthony",2992,"Ward 15"
"Furnival Scott",8,"Ward 15"
"Gamk Isabella",4,"Ward 15"
"Gao Feng",18,"Ward 15"
"Gong Xiao Hua",146,"Ward 15"
"Goraya Adil",0,"Ward 15"
"Graff Brian",6,"Ward 15"
"Grosman Ari",4,"Ward 15"
"Guglielmin James",0,"Ward 15"
"Gulyas David",10,"Ward 15"
"Hall Thomas",2,"Ward 15"
"Handjis Peter",8,"Ward 15"
"He Heather",14,"Ward 15"
"Heaps Toby",50,"Ward 15"
"Hossain Monowar",12,"Ward 15"
"Hunter Mitzie",1094,"Ward 15"
"Igodan Sheila",0,"Ward 15"
"Irmya Daniel",0,"Ward 15"
"Jaffery Syed",62,"Ward 15"
"Jensen Michael",8,"Ward 15"
"Johnston Patricia",18,"Ward 15"
"Khan Walayat",6,"Ward 15"
"Korovitsyn Serge",4,"Ward 15"
"Lamoureux Michael",2,"Ward 15"
"Langenfeld Kris",4,"Ward 15"
"LeLiever Mark",22,"Ward 15"
"Lee Rick",16,"Ward 15"
"Letonja John",2,"Ward 15"
"MacLeod Norman",8,"Ward 15"
"Mammoliti Giorgio",20,"Ward 15"
"Mann Steve",4,"Ward 15"
"Marshall Cleveland",18,"Ward 15"
"Matlow Josh",5056,"Ward 15"
"Mohee Faizul",10,"Ward 15"
"Murphy Bob",14,"Ward 15"
"Nicula Michael",0,"Ward 15"
"Nowwarah Jamil",2,"Ward 15"
"Perruzza Anthony",36,"Ward 15"
"Ransome John",0,"Ward 15"
"Renée D!ONNE",10,"Ward 15"
"Reodica Willie",10,"Ward 15"
"Rubino Walter",2,"Ward 15"
"Saccoccia Chris",370,"Ward 15"
"Sanders Lyall",194,"Ward 15"
"Saunders Mark",6310,"Ward 15"
"Schipano Rocco",4,"Ward 15"
"Shusterman Robert",10,"Ward 15"
"Singh Knia",10,"Ward 15"
"Singh Partap Dua",2,"Ward 15"
"Sivaneswaran Raksheni",2,"Ward 15"
"Sniedzins Erwin",0,"Ward 15"
"Srivastava Sandeep",4,"Ward 15"
"Straus Meir",10,"Ward 15"
"Tang Weizhen",0,"Ward 15"
"Toye Mitchell",4,"Ward 15"
"Tull Reginald",8,"Ward 15"
"Tunney Jeffery",8,"Ward 15"
"Vadivelu Kiri",2,"Ward 15"
"Weenen Jack",6,"Ward 15"
"Wei Yuanqian",4,"Ward 15"
"Williams Jody",18,"Ward 15"
"Winter John",8,"Ward 15"
"Yan Nathalie Xian Yi",10,"Ward 15"
"Acquaye Emmanuel",16,"Ward 16"
"Acton Blake",26,"Ward 16"
"Ahmed Sharif",98,"Ward 16"
"Alam Asadul",8,"Ward 16"
"Allan Gru Jesse",30,"Ward 16"
"Aly Atef",26,"Ward 16"
"Apostolopoulos Dionysios",78,"Ward 16"
"Atkinson Darren",6,"Ward 16"
"Atkinson Jamie",26,"Ward 16"
"Bailão Ana",14746,"Ward 16"
"Baking Jose",14,"Ward 16"
"Bankas Ben",10,"Ward 16"
"Beals Claudette",16,"Ward 16"
"Benway Glen",2,"Ward 16"
"Bonilla Eliazar",20,"Ward 16"
"Bradford Brad",678,"Ward 16"
"Brown Chloe",976,"Ward 16"
"Buffey Brian",4,"Ward 16"
"Caesar-Chavannes Celina",6,"Ward 16"
"Carrie Mason",10,"Ward 16"
"Chan Roland",28,"Ward 16"
"Charlton Matti",4,"Ward 16"
"Chevalier Romero Danny",16,"Ward 16"
"Chow Olivia",14716,"Ward 16"
"Choy Logan",68,"Ward 16"
"City Ward 16 Totals",43916,"Ward 16"
"Clarke Kevin",22,"Ward 16"
"Climenhaga Sarah",16,"Ward 16"
"Cohen Gordon",18,"Ward 16"
"Collins Paul",14,"Ward 16"
"D'Amico Frank",4,"Ward 16"
"D'Angelo Frank",16,"Ward 16"
"D'Cruze Phillip",14,"Ward 16"
"Davis Rob",18,"Ward 16"
"Deb Samson",10,"Ward 16"
"Desai Habiba",42,"Ward 16"
"Deville Cory",10,"Ward 16"
"Fenby Simryn",10,"Ward 16"
"Forrester Monica",38,"Ward 16"
"Furey Anthony",2680,"Ward 16"
"Furnival Scott",12,"Ward 16"
"Gamk Isabella",18,"Ward 16"
"Gao Feng",12,"Ward 16"
"Gong Xiao Hua",224,"Ward 16"
"Goraya Adil",12,"Ward 16"
"Graff Brian",8,"Ward 16"
"Grosman Ari",14,"Ward 16"
"Guglielmin James",12,"Ward 16"
"Gulyas David",4,"Ward 16"
"Hall Thomas",26,"Ward 16"
"Handjis Peter",16,"Ward 16"
"He Heather",16,"Ward 16"
"Heaps Toby",42,"Ward 16"
"Hossain Monowar",6,"Ward 16"
"Hunter Mitzie",1204,"Ward 16"
"Igodan Sheila",2,"Ward 16"
"Irmya Daniel",0,"Ward 16"
"Jaffery Syed",12,"Ward 16"
"Jensen Michael",16,"Ward 16"
"Johnston Patricia",24,"Ward 16"
"Khan Walayat",10,"Ward 16"
"Korovitsyn Serge",6,"Ward 16"
"Lamoureux Michael",14,"Ward 16"
"Langenfeld Kris",4,"Ward 16"
"LeLiever Mark",28,"Ward 16"
"Lee Rick",8,"Ward 16"
"Letonja John",4,"Ward 16"
"MacLeod Norman",12,"Ward 16"
"Mammoliti Giorgio",36,"Ward 16"
"Mann Steve",12,"Ward 16"
"Marshall Cleveland",28,"Ward 16"
"Matlow Josh",1876,"Ward 16"
"Mohee Faizul",12,"Ward 16"
"Murphy Bob",18,"Ward 16"
"Nicula Michael",8,"Ward 16"
"Nowwarah Jamil",0,"Ward 16"
"Perruzza Anthony",44,"Ward 16"
"Ransome John",8,"Ward 16"
"Renée D!ONNE",16,"Ward 16"
"Reodica Willie",14,"Ward 16"
"Rubino Walter",12,"Ward 16"
"Saccoccia Chris",652,"Ward 16"
"Sanders Lyall",242,"Ward 16"
"Saunders Mark",4310,"Ward 16"
"Schipano Rocco",8,"Ward 16"
"Shusterman Robert",0,"Ward 16"
"Singh Knia",8,"Ward 16"
"Singh Partap Dua",6,"Ward 16"
"Sivaneswaran Raksheni",20,"Ward 16"
"Sniedzins Erwin",8,"Ward 16"
"Srivastava Sandeep",18,"Ward 16"
"Straus Meir",4,"Ward 16"
"Tang Weizhen",8,"Ward 16"
"Toye Mitchell",0,"Ward 16"
"Tull Reginald",46,"Ward 16"
"Tunney Jeffery",10,"Ward 16"
"Vadivelu Kiri",14,"Ward 16"
"Weenen Jack",0,"Ward 16"
"Wei Yuanqian",6,"Ward 16"
"Williams Jody",16,"Ward 16"
"Winter John",8,"Ward 16"
"Yan Nathalie Xian Yi",6,"Ward 16"
"Acquaye Emmanuel",26,"Ward 17"
"Acton Blake",18,"Ward 17"
"Ahmed Sharif",36,"Ward 17"
"Alam Asadul",10,"Ward 17"
"Allan Gru Jesse",14,"Ward 17"
"Aly Atef",10,"Ward 17"
"Apostolopoulos Dionysios",54,"Ward 17"
"Atkinson Darren",16,"Ward 17"
"Atkinson Jamie",44,"Ward 17"
"Bailão Ana",17250,"Ward 17"
"Baking Jose",22,"Ward 17"
"Bankas Ben",18,"Ward 17"
"Beals Claudette",8,"Ward 17"
"Benway Glen",2,"Ward 17"
"Bonilla Eliazar",18,"Ward 17"
"Bradford Brad",546,"Ward 17"
"Brown Chloe",888,"Ward 17"
"Buffey Brian",10,"Ward 17"
"Caesar-Chavannes Celina",8,"Ward 17"
"Carrie Mason",6,"Ward 17"
"Chan Roland",52,"Ward 17"
"Charlton Matti",12,"Ward 17"
"Chevalier Romero Danny",20,"Ward 17"
"Chow Olivia",16762,"Ward 17"
"Choy Logan",36,"Ward 17"
"City Ward 17 Totals",49554,"Ward 17"
"Clarke Kevin",12,"Ward 17"
"Climenhaga Sarah",6,"Ward 17"
"Cohen Gordon",44,"Ward 17"
"Collins Paul",8,"Ward 17"
"D'Amico Frank",8,"Ward 17"
"D'Angelo Frank",22,"Ward 17"
"D'Cruze Phillip",4,"Ward 17"
"Davis Rob",28,"Ward 17"
"Deb Samson",12,"Ward 17"
"Desai Habiba",12,"Ward 17"
"Deville Cory",8,"Ward 17"
"Fenby Simryn",6,"Ward 17"
"Forrester Monica",8,"Ward 17"
"Furey Anthony",2914,"Ward 17"
"Furnival Scott",8,"Ward 17"
"Gamk Isabella",2,"Ward 17"
"Gao Feng",20,"Ward 17"
"Gong Xiao Hua",480,"Ward 17"
"Goraya Adil",2,"Ward 17"
"Graff Brian",8,"Ward 17"
"Grosman Ari",28,"Ward 17"
"Guglielmin James",10,"Ward 17"
"Gulyas David",12,"Ward 17"
"Hall Thomas",24,"Ward 17"
"Handjis Peter",4,"Ward 17"
"He Heather",86,"Ward 17"
"Heaps Toby",20,"Ward 17"
"Hossain Monowar",12,"Ward 17"
"Hunter Mitzie",1204,"Ward 17"
"Igodan Sheila",2,"Ward 17"
"Irmya Daniel",0,"Ward 17"
"Jaffery Syed",4,"Ward 17"
"Jensen Michael",6,"Ward 17"
"Johnston Patricia",18,"Ward 17"
"Khan Walayat",6,"Ward 17"
"Korovitsyn Serge",4,"Ward 17"
"Lamoureux Michael",16,"Ward 17"
"Langenfeld Kris",2,"Ward 17"
"LeLiever Mark",28,"Ward 17"
"Lee Rick",40,"Ward 17"
"Letonja John",2,"Ward 17"
"MacLeod Norman",12,"Ward 17"
"Mammoliti Giorgio",52,"Ward 17"
"Mann Steve",8,"Ward 17"
"Marshall Cleveland",24,"Ward 17"
"Matlow Josh",1570,"Ward 17"
"Mohee Faizul",18,"Ward 17"
"Murphy Bob",14,"Ward 17"
"Nicula Michael",6,"Ward 17"
"Nowwarah Jamil",4,"Ward 17"
"Perruzza Anthony",56,"Ward 17"
"Ransome John",4,"Ward 17"
"Renée D!ONNE",8,"Ward 17"
"Reodica Willie",8,"Ward 17"
"Rubino Walter",2,"Ward 17"
"Saccoccia Chris",488,"Ward 17"
"Sanders Lyall",156,"Ward 17"
"Saunders Mark",5756,"Ward 17"
"Schipano Rocco",6,"Ward 17"
"Shusterman Robert",6,"Ward 17"
"Singh Knia",14,"Ward 17"
"Singh Partap Dua",8,"Ward 17"
"Sivaneswaran Raksheni",32,"Ward 17"
"Sniedzins Erwin",2,"Ward 17"
"Srivastava Sandeep",18,"Ward 17"
"Straus Meir",6,"Ward 17"
"Tang Weizhen",16,"Ward 17"
"Toye Mitchell",8,"Ward 17"
"Tull Reginald",90,"Ward 17"
"Tunney Jeffery",2,"Ward 17"
"Vadivelu Kiri",18,"Ward 17"
"Weenen Jack",4,"Ward 17"
"Wei Yuanqian",10,"Ward 17"
"Williams Jody",6,"Ward 17"
"Winter John",10,"Ward 17"
"Yan Nathalie Xian Yi",26,"Ward 17"
"Acquaye Emmanuel",12,"Ward 18"
"Acton Blake",14,"Ward 18"
"Ahmed Sharif",16,"Ward 18"
"Alam Asadul",8,"Ward 18"
"Allan Gru Jesse",18,"Ward 18"
"Aly Atef",14,"Ward 18"
"Apostolopoulos Dionysios",32,"Ward 18"
"Atkinson Darren",20,"Ward 18"
"Atkinson Jamie",38,"Ward 18"
"Bailão Ana",16488,"Ward 18"
"Baking Jose",14,"Ward 18"
"Bankas Ben",8,"Ward 18"
"Beals Claudette",4,"Ward 18"
"Benway Glen",4,"Ward 18"
"Bonilla Eliazar",26,"Ward 18"
"Bradford Brad",580,"Ward 18"
"Brown Chloe",686,"Ward 18"
"Buffey Brian",4,"Ward 18"
"Caesar-Chavannes Celina",14,"Ward 18"
"Carrie Mason",6,"Ward 18"
"Chan Roland",54,"Ward 18"
"Charlton Matti",6,"Ward 18"
"Chevalier Romero Danny",28,"Ward 18"
"Chow Olivia",16586,"Ward 18"
"Choy Logan",50,"Ward 18"
"City Ward 18 Totals",47576,"Ward 18"
"Clarke Kevin",12,"Ward 18"
"Climenhaga Sarah",6,"Ward 18"
"Cohen Gordon",42,"Ward 18"
"Collins Paul",14,"Ward 18"
"D'Amico Frank",10,"Ward 18"
"D'Angelo Frank",26,"Ward 18"
"D'Cruze Phillip",2,"Ward 18"
"Davis Rob",34,"Ward 18"
"Deb Samson",12,"Ward 18"
"Desai Habiba",6,"Ward 18"
"Deville Cory",2,"Ward 18"
"Fenby Simryn",10,"Ward 18"
"Forrester Monica",22,"Ward 18"
"Furey Anthony",2834,"Ward 18"
"Furnival Scott",6,"Ward 18"
"Gamk Isabella",0,"Ward 18"
"Gao Feng",28,"Ward 18"
"Gong Xiao Hua",212,"Ward 18"
"Goraya Adil",4,"Ward 18"
"Graff Brian",14,"Ward 18"
"Grosman Ari",22,"Ward 18"
"Guglielmin James",6,"Ward 18"
"Gulyas David",8,"Ward 18"
"Hall Thomas",18,"Ward 18"
"Handjis Peter",6,"Ward 18"
"He Heather",54,"Ward 18"
"Heaps Toby",44,"Ward 18"
"Hossain Monowar",2,"Ward 18"
"Hunter Mitzie",946,"Ward 18"
"Igodan Sheila",6,"Ward 18"
"Irmya Daniel",2,"Ward 18"
"Jaffery Syed",8,"Ward 18"
"Jensen Michael",10,"Ward 18"
"Johnston Patricia",10,"Ward 18"
"Khan Walayat",4,"Ward 18"
"Korovitsyn Serge",28,"Ward 18"
"Lamoureux Michael",6,"Ward 18"
"Langenfeld Kris",14,"Ward 18"
"LeLiever Mark",24,"Ward 18"
"Lee Rick",46,"Ward 18"
"Letonja John",2,"Ward 18"
"MacLeod Norman",14,"Ward 18"
"Mammoliti Giorgio",40,"Ward 18"
"Mann Steve",6,"Ward 18"
"Marshall Cleveland",8,"Ward 18"
"Matlow Josh",1920,"Ward 18"
"Mohee Faizul",12,"Ward 18"
"Murphy Bob",14,"Ward 18"
"Nicula Michael",8,"Ward 18"
"Nowwarah Jamil",2,"Ward 18"
"Perruzza Anthony",106,"Ward 18"
"Ransome John",0,"Ward 18"
"Renée D!ONNE",6,"Ward 18"
"Reodica Willie",8,"Ward 18"
"Rubino Walter",6,"Ward 18"
"Saccoccia Chris",380,"Ward 18"
"Sanders Lyall",192,"Ward 18"
"Saunders Mark",5360,"Ward 18"
"Schipano Rocco",6,"Ward 18"
"Shusterman Robert",12,"Ward 18"
"Singh Knia",8,"Ward 18"
"Singh Partap Dua",6,"Ward 18"
"Sivaneswaran Raksheni",6,"Ward 18"
"Sniedzins Erwin",4,"Ward 18"
"Srivastava Sandeep",6,"Ward 18"
"Straus Meir",18,"Ward 18"
"Tang Weizhen",8,"Ward 18"
"Toye Mitchell",2,"Ward 18"
"Tull Reginald",10,"Ward 18"
"Tunney Jeffery",4,"Ward 18"
"Vadivelu Kiri",6,"Ward 18"
"Weenen Jack",0,"Ward 18"
"Wei Yuanqian",12,"Ward 18"
"Williams Jody",14,"Ward 18"
"Winter John",8,"Ward 18"
"Yan Nathalie Xian Yi",18,"Ward 18"
"Acquaye Emmanuel",18,"Ward 19"
"Acton Blake",20,"Ward 19"
"Ahmed Sharif",90,"Ward 19"
"Alam Asadul",24,"Ward 19"
"Allan Gru Jesse",16,"Ward 19"
"Aly Atef",4,"Ward 19"
"Apostolopoulos Dionysios",58,"Ward 19"
"Atkinson Darren",8,"Ward 19"
"Atkinson Jamie",26,"Ward 19"
"Bailão Ana",20858,"Ward 19"
"Baking Jose",22,"Ward 19"
"Bankas Ben",10,"Ward 19"
"Beals Claudette",8,"Ward 19"
"Benway Glen",2,"Ward 19"
"Bonilla Eliazar",12,"Ward 19"
"Bradford Brad",3446,"Ward 19"
"Brown Chloe",1772,"Ward 19"
"Buffey Brian",12,"Ward 19"
"Caesar-Chavannes Celina",20,"Ward 19"
"Carrie Mason",4,"Ward 19"
"Chan Roland",32,"Ward 19"
"Charlton Matti",10,"Ward 19"
"Chevalier Romero Danny",8,"Ward 19"
"Chow Olivia",31820,"Ward 19"
"Choy Logan",62,"Ward 19"
"City Ward 19 Totals",73888,"Ward 19"
"Clarke Kevin",38,"Ward 19"
"Climenhaga Sarah",24,"Ward 19"
"Cohen Gordon",10,"Ward 19"
"Collins Paul",12,"Ward 19"
"D'Amico Frank",4,"Ward 19"
"D'Angelo Frank",14,"Ward 19"
"D'Cruze Phillip",2,"Ward 19"
"Davis Rob",24,"Ward 19"
"Deb Samson",6,"Ward 19"
"Desai Habiba",8,"Ward 19"
"Deville Cory",10,"Ward 19"
"Fenby Simryn",26,"Ward 19"
"Forrester Monica",20,"Ward 19"
"Furey Anthony",3748,"Ward 19"
"Furnival Scott",4,"Ward 19"
"Gamk Isabella",4,"Ward 19"
"Gao Feng",6,"Ward 19"
"Gong Xiao Hua",110,"Ward 19"
"Goraya Adil",16,"Ward 19"
"Graff Brian",4,"Ward 19"
"Grosman Ari",4,"Ward 19"
"Guglielmin James",0,"Ward 19"
"Gulyas David",4,"Ward 19"
"Hall Thomas",10,"Ward 19"
"Handjis Peter",8,"Ward 19"
"He Heather",4,"Ward 19"
"Heaps Toby",66,"Ward 19"
"Hossain Monowar",10,"Ward 19"
"Hunter Mitzie",2322,"Ward 19"
"Igodan Sheila",4,"Ward 19"
"Irmya Daniel",2,"Ward 19"
"Jaffery Syed",12,"Ward 19"
"Jensen Michael",2,"Ward 19"
"Johnston Patricia",14,"Ward 19"
"Khan Walayat",6,"Ward 19"
"Korovitsyn Serge",2,"Ward 19"
"Lamoureux Michael",14,"Ward 19"
"Langenfeld Kris",20,"Ward 19"
"LeLiever Mark",14,"Ward 19"
"Lee Rick",10,"Ward 19"
"Letonja John",2,"Ward 19"
"MacLeod Norman",10,"Ward 19"
"Mammoliti Giorgio",32,"Ward 19"
"Mann Steve",12,"Ward 19"
"Marshall Cleveland",18,"Ward 19"
"Matlow Josh",3474,"Ward 19"
"Mohee Faizul",36,"Ward 19"
"Murphy Bob",10,"Ward 19"
"Nicula Michael",2,"Ward 19"
"Nowwarah Jamil",2,"Ward 19"
"Perruzza Anthony",32,"Ward 19"
"Ransome John",2,"Ward 19"
"Renée D!ONNE",12,"Ward 19"
"Reodica Willie",4,"Ward 19"
"Rubino Walter",4,"Ward 19"
"Saccoccia Chris",644,"Ward 19"
"Sanders Lyall",200,"Ward 19"
"Saunders Mark",4198,"Ward 19"
"Schipano Rocco",6,"Ward 19"
"Shusterman Robert",2,"Ward 19"
"Singh Knia",18,"Ward 19"
"Singh Partap Dua",8,"Ward 19"
"Sivaneswaran Raksheni",14,"Ward 19"
"Sniedzins Erwin",6,"Ward 19"
"Srivastava Sandeep",0,"Ward 19"
"Straus Meir",14,"Ward 19"
"Tang Weizhen",10,"Ward 19"
"Toye Mitchell",2,"Ward 19"
"Tull Reginald",44,"Ward 19"
"Tunney Jeffery",8,"Ward 19"
"Vadivelu Kiri",8,"Ward 19"
"Weenen Jack",6,"Ward 19"
"Wei Yuanqian",0,"Ward 19"
"Williams Jody",2,"Ward 19"
"Winter John",6,"Ward 19"
"Yan Nathalie Xian Yi",8,"Ward 19"
"Acquaye Emmanuel",26,"Ward 20"
"Acton Blake",30,"Ward 20"
"Ahmed Sharif",252,"Ward 20"
"Alam Asadul",46,"Ward 20"
"Allan Gru Jesse",44,"Ward 20"
"Aly Atef",18,"Ward 20"
"Apostolopoulos Dionysios",94,"Ward 20"
"Atkinson Darren",6,"Ward 20"
"Atkinson Jamie",20,"Ward 20"
"Bailão Ana",17118,"Ward 20"
"Baking Jose",32,"Ward 20"
"Bankas Ben",10,"Ward 20"
"Beals Claudette",18,"Ward 20"
"Benway Glen",6,"Ward 20"
"Bonilla Eliazar",24,"Ward 20"
"Bradford Brad",1002,"Ward 20"
"Brown Chloe",1192,"Ward 20"
"Buffey Brian",20,"Ward 20"
"Caesar-Chavannes Celina",36,"Ward 20"
"Carrie Mason",14,"Ward 20"
"Chan Roland",42,"Ward 20"
"Charlton Matti",12,"Ward 20"
"Chevalier Romero Danny",14,"Ward 20"
"Chow Olivia",19962,"Ward 20"
"Choy Logan",42,"Ward 20"
"City Ward 20 Totals",55916,"Ward 20"
"Clarke Kevin",38,"Ward 20"
"Climenhaga Sarah",14,"Ward 20"
"Cohen Gordon",16,"Ward 20"
"Collins Paul",8,"Ward 20"
"D'Amico Frank",10,"Ward 20"
"D'Angelo Frank",34,"Ward 20"
"D'Cruze Phillip",6,"Ward 20"
"Davis Rob",32,"Ward 20"
"Deb Samson",28,"Ward 20"
"Desai Habiba",14,"Ward 20"
"Deville Cory",4,"Ward 20"
"Fenby Simryn",6,"Ward 20"
"Forrester Monica",36,"Ward 20"
"Furey Anthony",3644,"Ward 20"
"Furnival Scott",16,"Ward 20"
"Gamk Isabella",8,"Ward 20"
"Gao Feng",20,"Ward 20"
"Gong Xiao Hua",290,"Ward 20"
"Goraya Adil",0,"Ward 20"
"Graff Brian",8,"Ward 20"
"Grosman Ari",6,"Ward 20"
"Guglielmin James",16,"Ward 20"
"Gulyas David",6,"Ward 20"
"Hall Thomas",28,"Ward 20"
"Handjis Peter",10,"Ward 20"
"He Heather",12,"Ward 20"
"Heaps Toby",46,"Ward 20"
"Hossain Monowar",22,"Ward 20"
"Hunter Mitzie",2228,"Ward 20"
"Igodan Sheila",0,"Ward 20"
"Irmya Daniel",4,"Ward 20"
"Jaffery Syed",20,"Ward 20"
"Jensen Michael",20,"Ward 20"
"Johnston Patricia",16,"Ward 20"
"Khan Walayat",10,"Ward 20"
"Korovitsyn Serge",0,"Ward 20"
"Lamoureux Michael",8,"Ward 20"
"Langenfeld Kris",14,"Ward 20"
"LeLiever Mark",18,"Ward 20"
"Lee Rick",14,"Ward 20"
"Letonja John",0,"Ward 20"
"MacLeod Norman",6,"Ward 20"
"Mammoliti Giorgio",72,"Ward 20"
"Mann Steve",10,"Ward 20"
"Marshall Cleveland",24,"Ward 20"
"Matlow Josh",1612,"Ward 20"
"Mohee Faizul",94,"Ward 20"
"Murphy Bob",36,"Ward 20"
"Nicula Michael",6,"Ward 20"
"Nowwarah Jamil",2,"Ward 20"
"Perruzza Anthony",50,"Ward 20"
"Ransome John",6,"Ward 20"
"Renée D!ONNE",14,"Ward 20"
"Reodica Willie",40,"Ward 20"
"Rubino Walter",4,"Ward 20"
"Saccoccia Chris",826,"Ward 20"
"Sanders Lyall",310,"Ward 20"
"Saunders Mark",5524,"Ward 20"
"Schipano Rocco",18,"Ward 20"
"Shusterman Robert",6,"Ward 20"
"Singh Knia",22,"Ward 20"
"Singh Partap Dua",16,"Ward 20"
"Sivaneswaran Raksheni",86,"Ward 20"
"Sniedzins Erwin",2,"Ward 20"
"Srivastava Sandeep",20,"Ward 20"
"Straus Meir",12,"Ward 20"
"Tang Weizhen",12,"Ward 20"
"Toye Mitchell",10,"Ward 20"
"Tull Reginald",60,"Ward 20"
"Tunney Jeffery",16,"Ward 20"
"Vadivelu Kiri",42,"Ward 20"
"Weenen Jack",8,"Ward 20"
"Wei Yuanqian",10,"Ward 20"
"Williams Jody",8,"Ward 20"
"Winter John",10,"Ward 20"
"Yan Nathalie Xian Yi",18,"Ward 20"
"Acquaye Emmanuel",22,"Ward 21"
"Acton Blake",20,"Ward 21"
"Ahmed Sharif",162,"Ward 21"
"Alam Asadul",60,"Ward 21"
"Allan Gru Jesse",56,"Ward 21"
"Aly Atef",10,"Ward 21"
"Apostolopoulos Dionysios",142,"Ward 21"
"Atkinson Darren",12,"Ward 21"
"Atkinson Jamie",32,"Ward 21"
"Bailão Ana",14124,"Ward 21"
"Baking Jose",34,"Ward 21"
"Bankas Ben",12,"Ward 21"
"Beals Claudette",12,"Ward 21"
"Benway Glen",8,"Ward 21"
"Bonilla Eliazar",40,"Ward 21"
"Bradford Brad",594,"Ward 21"
"Brown Chloe",1050,"Ward 21"
"Buffey Brian",12,"Ward 21"
"Caesar-Chavannes Celina",20,"Ward 21"
"Carrie Mason",34,"Ward 21"
"Chan Roland",44,"Ward 21"
"Charlton Matti",14,"Ward 21"
"Chevalier Romero Danny",16,"Ward 21"
"Chow Olivia",15940,"Ward 21"
"Choy Logan",68,"Ward 21"
"City Ward 21 Totals",46122,"Ward 21"
"Clarke Kevin",18,"Ward 21"
"Climenhaga Sarah",6,"Ward 21"
"Cohen Gordon",6,"Ward 21"
"Collins Paul",26,"Ward 21"
"D'Amico Frank",6,"Ward 21"
"D'Angelo Frank",32,"Ward 21"
"D'Cruze Phillip",6,"Ward 21"
"Davis Rob",32,"Ward 21"
"Deb Samson",8,"Ward 21"
"Desai Habiba",42,"Ward 21"
"Deville Cory",8,"Ward 21"
"Fenby Simryn",8,"Ward 21"
"Forrester Monica",28,"Ward 21"
"Furey Anthony",2522,"Ward 21"
"Furnival Scott",10,"Ward 21"
"Gamk Isabella",4,"Ward 21"
"Gao Feng",12,"Ward 21"
"Gong Xiao Hua",288,"Ward 21"
"Goraya Adil",8,"Ward 21"
"Graff Brian",16,"Ward 21"
"Grosman Ari",12,"Ward 21"
"Guglielmin James",14,"Ward 21"
"Gulyas David",8,"Ward 21"
"Hall Thomas",42,"Ward 21"
"Handjis Peter",18,"Ward 21"
"He Heather",20,"Ward 21"
"Heaps Toby",26,"Ward 21"
"Hossain Monowar",28,"Ward 21"
"Hunter Mitzie",1794,"Ward 21"
"Igodan Sheila",4,"Ward 21"
"Irmya Daniel",2,"Ward 21"
"Jaffery Syed",24,"Ward 21"
"Jensen Michael",10,"Ward 21"
"Johnston Patricia",20,"Ward 21"
"Khan Walayat",14,"Ward 21"
"Korovitsyn Serge",8,"Ward 21"
"Lamoureux Michael",6,"Ward 21"
"Langenfeld Kris",16,"Ward 21"
"LeLiever Mark",12,"Ward 21"
"Lee Rick",22,"Ward 21"
"Letonja John",2,"Ward 21"
"MacLeod Norman",22,"Ward 21"
"Mammoliti Giorgio",98,"Ward 21"
"Mann Steve",6,"Ward 21"
"Marshall Cleveland",20,"Ward 21"
"Matlow Josh",1008,"Ward 21"
"Mohee Faizul",26,"Ward 21"
"Murphy Bob",8,"Ward 21"
"Nicula Michael",6,"Ward 21"
"Nowwarah Jamil",4,"Ward 21"
"Perruzza Anthony",56,"Ward 21"
"Ransome John",10,"Ward 21"
"Renée D!ONNE",18,"Ward 21"
"Reodica Willie",68,"Ward 21"
"Rubino Walter",4,"Ward 21"
"Saccoccia Chris",880,"Ward 21"
"Sanders Lyall",276,"Ward 21"
"Saunders Mark",5152,"Ward 21"
"Schipano Rocco",10,"Ward 21"
"Shusterman Robert",6,"Ward 21"
"Singh Knia",24,"Ward 21"
"Singh Partap Dua",8,"Ward 21"
"Sivaneswaran Raksheni",266,"Ward 21"
"Sniedzins Erwin",0,"Ward 21"
"Srivastava Sandeep",28,"Ward 21"
"Straus Meir",4,"Ward 21"
"Tang Weizhen",10,"Ward 21"
"Toye Mitchell",12,"Ward 21"
"Tull Reginald",108,"Ward 21"
"Tunney Jeffery",6,"Ward 21"
"Vadivelu Kiri",86,"Ward 21"
"Weenen Jack",0,"Ward 21"
"Wei Yuanqian",4,"Ward 21"
"Williams Jody",16,"Ward 21"
"Winter John",14,"Ward 21"
"Yan Nathalie Xian Yi",22,"Ward 21"
"Acquaye Emmanuel",16,"Ward 22"
"Acton Blake",44,"Ward 22"
"Ahmed Sharif",44,"Ward 22"
"Alam Asadul",32,"Ward 22"
"Allan Gru Jesse",42,"Ward 22"
"Aly Atef",16,"Ward 22"
"Apostolopoulos Dionysios",122,"Ward 22"
"Atkinson Darren",24,"Ward 22"
"Atkinson Jamie",34,"Ward 22"
"Bailão Ana",13190,"Ward 22"
"Baking Jose",6,"Ward 22"
"Bankas Ben",8,"Ward 22"
"Beals Claudette",20,"Ward 22"
"Benway Glen",16,"Ward 22"
"Bonilla Eliazar",34,"Ward 22"
"Bradford Brad",366,"Ward 22"
"Brown Chloe",762,"Ward 22"
"Buffey Brian",14,"Ward 22"
"Caesar-Chavannes Celina",16,"Ward 22"
"Carrie Mason",10,"Ward 22"
"Chan Roland",108,"Ward 22"
"Charlton Matti",18,"Ward 22"
"Chevalier Romero Danny",30,"Ward 22"
"Chow Olivia",18130,"Ward 22"
"Choy Logan",58,"Ward 22"
"City Ward 22 Totals",45414,"Ward 22"
"Clarke Kevin",24,"Ward 22"
"Climenhaga Sarah",24,"Ward 22"
"Cohen Gordon",12,"Ward 22"
"Collins Paul",10,"Ward 22"
"D'Amico Frank",16,"Ward 22"
"D'Angelo Frank",22,"Ward 22"
"D'Cruze Phillip",8,"Ward 22"
"Davis Rob",18,"Ward 22"
"Deb Samson",16,"Ward 22"
"Desai Habiba",8,"Ward 22"
"Deville Cory",8,"Ward 22"
"Fenby Simryn",8,"Ward 22"
"Forrester Monica",16,"Ward 22"
"Furey Anthony",2026,"Ward 22"
"Furnival Scott",8,"Ward 22"
"Gamk Isabella",12,"Ward 22"
"Gao Feng",24,"Ward 22"
"Gong Xiao Hua",502,"Ward 22"
"Goraya Adil",4,"Ward 22"
"Graff Brian",6,"Ward 22"
"Grosman Ari",10,"Ward 22"
"Guglielmin James",20,"Ward 22"
"Gulyas David",6,"Ward 22"
"Hall Thomas",34,"Ward 22"
"Handjis Peter",8,"Ward 22"
"He Heather",166,"Ward 22"
"Heaps Toby",44,"Ward 22"
"Hossain Monowar",10,"Ward 22"
"Hunter Mitzie",1334,"Ward 22"
"Igodan Sheila",2,"Ward 22"
"Irmya Daniel",0,"Ward 22"
"Jaffery Syed",12,"Ward 22"
"Jensen Michael",12,"Ward 22"
"Johnston Patricia",12,"Ward 22"
"Khan Walayat",8,"Ward 22"
"Korovitsyn Serge",4,"Ward 22"
"Lamoureux Michael",22,"Ward 22"
"Langenfeld Kris",6,"Ward 22"
"LeLiever Mark",44,"Ward 22"
"Lee Rick",52,"Ward 22"
"Letonja John",6,"Ward 22"
"MacLeod Norman",30,"Ward 22"
"Mammoliti Giorgio",68,"Ward 22"
"Mann Steve",10,"Ward 22"
"Marshall Cleveland",14,"Ward 22"
"Matlow Josh",1196,"Ward 22"
"Mohee Faizul",28,"Ward 22"
"Murphy Bob",14,"Ward 22"
"Nicula Michael",10,"Ward 22"
"Nowwarah Jamil",4,"Ward 22"
"Perruzza Anthony",70,"Ward 22"
"Ransome John",2,"Ward 22"
"Renée D!ONNE",12,"Ward 22"
"Reodica Willie",20,"Ward 22"
"Rubino Walter",6,"Ward 22"
"Saccoccia Chris",452,"Ward 22"
"Sanders Lyall",226,"Ward 22"
"Saunders Mark",5088,"Ward 22"
"Schipano Rocco",2,"Ward 22"
"Shusterman Robert",6,"Ward 22"
"Singh Knia",20,"Ward 22"
"Singh Partap Dua",8,"Ward 22"
"Sivaneswaran Raksheni",90,"Ward 22"
"Sniedzins Erwin",6,"Ward 22"
"Srivastava Sandeep",16,"Ward 22"
"Straus Meir",6,"Ward 22"
"Tang Weizhen",30,"Ward 22"
"Toye Mitchell",2,"Ward 22"
"Tull Reginald",38,"Ward 22"
"Tunney Jeffery",4,"Ward 22"
"Vadivelu Kiri",22,"Ward 22"
"Weenen Jack",4,"Ward 22"
"Wei Yuanqian",20,"Ward 22"
"Williams Jody",16,"Ward 22"
"Winter John",4,"Ward 22"
"Yan Nathalie Xian Yi",38,"Ward 22"
"Acquaye Emmanuel",26,"Ward 23"
"Acton Blake",18,"Ward 23"
"Ahmed Sharif",68,"Ward 23"
"Alam Asadul",28,"Ward 23"
"Allan Gru Jesse",28,"Ward 23"
"Aly Atef",14,"Ward 23"
"Apostolopoulos Dionysios",46,"Ward 23"
"Atkinson Darren",14,"Ward 23"
"Atkinson Jamie",8,"Ward 23"
"Bailão Ana",8964,"Ward 23"
"Baking Jose",24,"Ward 23"
"Bankas Ben",14,"Ward 23"
"Beals Claudette",12,"Ward 23"
"Benway Glen",12,"Ward 23"
"Bonilla Eliazar",32,"Ward 23"
"Bradford Brad",240,"Ward 23"
"Brown Chloe",856,"Ward 23"
"Buffey Brian",8,"Ward 23"
"Caesar-Chavannes Celina",28,"Ward 23"
"Carrie Mason",28,"Ward 23"
"Chan Roland",92,"Ward 23"
"Charlton Matti",2,"Ward 23"
"Chevalier Romero Danny",22,"Ward 23"
"Chow Olivia",17880,"Ward 23"
"Choy Logan",46,"Ward 23"
"City Ward 23 Totals",37920,"Ward 23"
"Clarke Kevin",20,"Ward 23"
"Climenhaga Sarah",2,"Ward 23"
"Cohen Gordon",8,"Ward 23"
"Collins Paul",10,"Ward 23"
"D'Amico Frank",12,"Ward 23"
"D'Angelo Frank",8,"Ward 23"
"D'Cruze Phillip",10,"Ward 23"
"Davis Rob",32,"Ward 23"
"Deb Samson",8,"Ward 23"
"Desai Habiba",16,"Ward 23"
"Deville Cory",8,"Ward 23"
"Fenby Simryn",2,"Ward 23"
"Forrester Monica",8,"Ward 23"
"Furey Anthony",1058,"Ward 23"
"Furnival Scott",4,"Ward 23"
"Gamk Isabella",10,"Ward 23"
"Gao Feng",30,"Ward 23"
"Gong Xiao Hua",446,"Ward 23"
"Goraya Adil",16,"Ward 23"
"Graff Brian",2,"Ward 23"
"Grosman Ari",6,"Ward 23"
"Guglielmin James",8,"Ward 23"
"Gulyas David",4,"Ward 23"
"Hall Thomas",12,"Ward 23"
"Handjis Peter",6,"Ward 23"
"He Heather",94,"Ward 23"
"Heaps Toby",28,"Ward 23"
"Hossain Monowar",6,"Ward 23"
"Hunter Mitzie",1380,"Ward 23"
"Igodan Sheila",4,"Ward 23"
"Irmya Daniel",0,"Ward 23"
"Jaffery Syed",12,"Ward 23"
"Jensen Michael",16,"Ward 23"
"Johnston Patricia",12,"Ward 23"
"Khan Walayat",22,"Ward 23"
"Korovitsyn Serge",2,"Ward 23"
"Lamoureux Michael",10,"Ward 23"
"Langenfeld Kris",8,"Ward 23"
"LeLiever Mark",28,"Ward 23"
"Lee Rick",44,"Ward 23"
"Letonja John",4,"Ward 23"
"MacLeod Norman",12,"Ward 23"
"Mammoliti Giorgio",40,"Ward 23"
"Mann Steve",22,"Ward 23"
"Marshall Cleveland",16,"Ward 23"
"Matlow Josh",588,"Ward 23"
"Mohee Faizul",20,"Ward 23"
"Murphy Bob",10,"Ward 23"
"Nicula Michael",6,"Ward 23"
"Nowwarah Jamil",4,"Ward 23"
"Perruzza Anthony",76,"Ward 23"
"Ransome John",10,"Ward 23"
"Renée D!ONNE",6,"Ward 23"
"Reodica Willie",48,"Ward 23"
"Rubino Walter",12,"Ward 23"
"Saccoccia Chris",306,"Ward 23"
"Sanders Lyall",142,"Ward 23"
"Saunders Mark",4026,"Ward 23"
"Schipano Rocco",6,"Ward 23"
"Shusterman Robert",10,"Ward 23"
"Singh Knia",50,"Ward 23"
"Singh Partap Dua",12,"Ward 23"
"Sivaneswaran Raksheni",264,"Ward 23"
"Sniedzins Erwin",2,"Ward 23"
"Srivastava Sandeep",32,"Ward 23"
"Straus Meir",10,"Ward 23"
"Tang Weizhen",22,"Ward 23"
"Toye Mitchell",4,"Ward 23"
"Tull Reginald",66,"Ward 23"
"Tunney Jeffery",4,"Ward 23"
"Vadivelu Kiri",36,"Ward 23"
"Weenen Jack",2,"Ward 23"
"Wei Yuanqian",14,"Ward 23"
"Williams Jody",6,"Ward 23"
"Winter John",12,"Ward 23"
"Yan Nathalie Xian Yi",16,"Ward 23"
"Acquaye Emmanuel",12,"Ward 24"
"Acton Blake",20,"Ward 24"
"Ahmed Sharif",128,"Ward 24"
"Alam Asadul",24,"Ward 24"
"Allan Gru Jesse",40,"Ward 24"
"Aly Atef",12,"Ward 24"
"Apostolopoulos Dionysios",64,"Ward 24"
"Atkinson Darren",24,"Ward 24"
"Atkinson Jamie",28,"Ward 24"
"Bailão Ana",11994,"Ward 24"
"Baking Jose",20,"Ward 24"
"Bankas Ben",12,"Ward 24"
"Beals Claudette",2,"Ward 24"
"Benway Glen",12,"Ward 24"
"Bonilla Eliazar",30,"Ward 24"
"Bradford Brad",434,"Ward 24"
"Brown Chloe",928,"Ward 24"
"Buffey Brian",6,"Ward 24"
"Caesar-Chavannes Celina",18,"Ward 24"
"Carrie Mason",20,"Ward 24"
"Chan Roland",46,"Ward 24"
"Charlton Matti",10,"Ward 24"
"Chevalier Romero Danny",36,"Ward 24"
"Chow Olivia",12896,"Ward 24"
"Choy Logan",74,"Ward 24"
"City Ward 24 Totals",42272,"Ward 24"
"Clarke Kevin",56,"Ward 24"
"Climenhaga Sarah",18,"Ward 24"
"Cohen Gordon",14,"Ward 24"
"Collins Paul",36,"Ward 24"
"D'Amico Frank",4,"Ward 24"
"D'Angelo Frank",36,"Ward 24"
"D'Cruze Phillip",10,"Ward 24"
"Davis Rob",16,"Ward 24"
"Deb Samson",14,"Ward 24"
"Desai Habiba",64,"Ward 24"
"Deville Cory",6,"Ward 24"
"Fenby Simryn",4,"Ward 24"
"Forrester Monica",16,"Ward 24"
"Furey Anthony",2488,"Ward 24"
"Furnival Scott",12,"Ward 24"
"Gamk Isabella",8,"Ward 24"
"Gao Feng",8,"Ward 24"
"Gong Xiao Hua",238,"Ward 24"
"Goraya Adil",16,"Ward 24"
"Graff Brian",6,"Ward 24"
"Grosman Ari",0,"Ward 24"
"Guglielmin James",8,"Ward 24"
"Gulyas David",12,"Ward 24"
"Hall Thomas",24,"Ward 24"
"Handjis Peter",18,"Ward 24"
"He Heather",10,"Ward 24"
"Heaps Toby",28,"Ward 24"
"Hossain Monowar",26,"Ward 24"
"Hunter Mitzie",5526,"Ward 24"
"Igodan Sheila",4,"Ward 24"
"Irmya Daniel",2,"Ward 24"
"Jaffery Syed",20,"Ward 24"
"Jensen Michael",18,"Ward 24"
"Johnston Patricia",34,"Ward 24"
"Khan Walayat",16,"Ward 24"
"Korovitsyn Serge",6,"Ward 24"
"Lamoureux Michael",10,"Ward 24"
"Langenfeld Kris",28,"Ward 24"
"LeLiever Mark",18,"Ward 24"
"Lee Rick",12,"Ward 24"
"Letonja John",12,"Ward 24"
"MacLeod Norman",22,"Ward 24"
"Mammoliti Giorgio",42,"Ward 24"
"Mann Steve",10,"Ward 24"
"Marshall Cleveland",26,"Ward 24"
"Matlow Josh",678,"Ward 24"
"Mohee Faizul",34,"Ward 24"
"Murphy Bob",28,"Ward 24"
"Nicula Michael",10,"Ward 24"
"Nowwarah Jamil",2,"Ward 24"
"Perruzza Anthony",52,"Ward 24"
"Ransome John",6,"Ward 24"
"Renée D!ONNE",10,"Ward 24"
"Reodica Willie",54,"Ward 24"
"Rubino Walter",4,"Ward 24"
"Saccoccia Chris",540,"Ward 24"
"Sanders Lyall",160,"Ward 24"
"Saunders Mark",4176,"Ward 24"
"Schipano Rocco",4,"Ward 24"
"Shusterman Robert",10,"Ward 24"
"Singh Knia",18,"Ward 24"
"Singh Partap Dua",12,"Ward 24"
"Sivaneswaran Raksheni",236,"Ward 24"
"Sniedzins Erwin",4,"Ward 24"
"Srivastava Sandeep",40,"Ward 24"
"Straus Meir",6,"Ward 24"
"Tang Weizhen",12,"Ward 24"
"Toye Mitchell",14,"Ward 24"
"Tull Reginald",84,"Ward 24"
"Tunney Jeffery",0,"Ward 24"
"Vadivelu Kiri",62,"Ward 24"
"Weenen Jack",8,"Ward 24"
"Wei Yuanqian",8,"Ward 24"
"Williams Jody",18,"Ward 24"
"Winter John",12,"Ward 24"
"Yan Nathalie Xian Yi",8,"Ward 24"
"Acquaye Emmanuel",20,"Ward 25"
"Acton Blake",22,"Ward 25"
"Ahmed Sharif",90,"Ward 25"
"Alam Asadul",32,"Ward 25"
"Allan Gru Jesse",34,"Ward 25"
"Aly Atef",14,"Ward 25"
"Apostolopoulos Dionysios",32,"Ward 25"
"Atkinson Darren",12,"Ward 25"
"Atkinson Jamie",34,"Ward 25"
"Bailão Ana",16554,"Ward 25"
"Baking Jose",32,"Ward 25"
"Bankas Ben",10,"Ward 25"
"Beals Claudette",6,"Ward 25"
"Benway Glen",14,"Ward 25"
"Bonilla Eliazar",26,"Ward 25"
"Bradford Brad",524,"Ward 25"
"Brown Chloe",1292,"Ward 25"
"Buffey Brian",6,"Ward 25"
"Caesar-Chavannes Celina",46,"Ward 25"
"Carrie Mason",22,"Ward 25"
"Chan Roland",34,"Ward 25"
"Charlton Matti",16,"Ward 25"
"Chevalier Romero Danny",16,"Ward 25"
"Chow Olivia",16476,"Ward 25"
"Choy Logan",46,"Ward 25"
"City Ward 25 Totals",50896,"Ward 25"
"Clarke Kevin",26,"Ward 25"
"Climenhaga Sarah",4,"Ward 25"
"Cohen Gordon",4,"Ward 25"
"Collins Paul",10,"Ward 25"
"D'Amico Frank",8,"Ward 25"
"D'Angelo Frank",16,"Ward 25"
"D'Cruze Phillip",6,"Ward 25"
"Davis Rob",20,"Ward 25"
"Deb Samson",8,"Ward 25"
"Desai Habiba",24,"Ward 25"
"Deville Cory",6,"Ward 25"
"Fenby Simryn",4,"Ward 25"
"Forrester Monica",16,"Ward 25"
"Furey Anthony",2634,"Ward 25"
"Furnival Scott",14,"Ward 25"
"Gamk Isabella",4,"Ward 25"
"Gao Feng",8,"Ward 25"
"Gong Xiao Hua",342,"Ward 25"
"Goraya Adil",10,"Ward 25"
"Graff Brian",6,"Ward 25"
"Grosman Ari",4,"Ward 25"
"Guglielmin James",8,"Ward 25"
"Gulyas David",14,"Ward 25"
"Hall Thomas",20,"Ward 25"
"Handjis Peter",4,"Ward 25"
"He Heather",8,"Ward 25"
"Heaps Toby",28,"Ward 25"
"Hossain Monowar",24,"Ward 25"
"Hunter Mitzie",3654,"Ward 25"
"Igodan Sheila",0,"Ward 25"
"Irmya Daniel",2,"Ward 25"
"Jaffery Syed",26,"Ward 25"
"Jensen Michael",18,"Ward 25"
"Johnston Patricia",18,"Ward 25"
"Khan Walayat",18,"Ward 25"
"Korovitsyn Serge",2,"Ward 25"
"Lamoureux Michael",4,"Ward 25"
"Langenfeld Kris",22,"Ward 25"
"LeLiever Mark",14,"Ward 25"
"Lee Rick",10,"Ward 25"
"Letonja John",0,"Ward 25"
"MacLeod Norman",20,"Ward 25"
"Mammoliti Giorgio",38,"Ward 25"
"Mann Steve",10,"Ward 25"
"Marshall Cleveland",36,"Ward 25"
"Matlow Josh",1010,"Ward 25"
"Mohee Faizul",54,"Ward 25"
"Murphy Bob",10,"Ward 25"
"Nicula Michael",8,"Ward 25"
"Nowwarah Jamil",8,"Ward 25"
"Perruzza Anthony",76,"Ward 25"
"Ransome John",6,"Ward 25"
"Renée D!ONNE",16,"Ward 25"
"Reodica Willie",32,"Ward 25"
"Rubino Walter",8,"Ward 25"
"Saccoccia Chris",608,"Ward 25"
"Sanders Lyall",272,"Ward 25"
"Saunders Mark",5408,"Ward 25"
"Schipano Rocco",4,"Ward 25"
"Shusterman Robert",10,"Ward 25"
"Singh Knia",58,"Ward 25"
"Singh Partap Dua",22,"Ward 25"
"Sivaneswaran Raksheni",344,"Ward 25"
"Sniedzins Erwin",0,"Ward 25"
"Srivastava Sandeep",20,"Ward 25"
"Straus Meir",6,"Ward 25"
"Tang Weizhen",8,"Ward 25"
"Toye Mitchell",6,"Ward 25"
"Tull Reginald",70,"Ward 25"
"Tunney Jeffery",6,"Ward 25"
"Vadivelu Kiri",80,"Ward 25"
"Weenen Jack",0,"Ward 25"
"Wei Yuanqian",10,"Ward 25"
"Williams Jody",8,"Ward 25"
"Winter John",12,"Ward 25"
"Yan Nathalie Xian Yi",14,"Ward 25"
